"id";"categorie";"produit";"image"
"1";"Produits Laitiers & Œufs";"Lait UHT Demi-Écrémé Centrale 1L";"lait-uht-demi-ecreme-centrale-1l.jpg"
"2";"Produits Laitiers & Œufs";"Lait UHT Entier Centrale 1L";"lait-uht-entier-centrale-1l.jpg"
"3";"Produits Laitiers & Œufs";"Lait UHT Écrémé Centrale 1L";"lait-uht-ecreme-centrale-1l.jpg"
"4";"Produits Laitiers & Œufs";"Lait UHT Demi-Écrémé Centrale 6x1L (Pack)";"lait-uht-demi-ecreme-centrale-6x1l-pack.jpg"
"5";"Produits Laitiers & Œufs";"Lait UHT Entier Centrale 6x1L (Pack)";"lait-uht-entier-centrale-6x1l-pack.jpg"
"6";"Produits Laitiers & Œufs";"Lait UHT Demi-Écrémé Jaouda 1L";"lait-uht-demi-ecreme-jaouda-1l.jpg"
"7";"Produits Laitiers & Œufs";"Lait UHT Entier Jaouda 1L";"lait-uht-entier-jaouda-1l.jpg"
"8";"Produits Laitiers & Œufs";"Lait UHT Demi-Écrémé Jaouda 6x1L (Pack)";"lait-uht-demi-ecreme-jaouda-6x1l-pack.jpg"
"9";"Produits Laitiers & Œufs";"Lait Fermenté Lben Centrale 500ml";"lait-fermente-lben-centrale-500ml.jpg"
"10";"Produits Laitiers & Œufs";"Lait Fermenté Lben Centrale 1L";"lait-fermente-lben-centrale-1l.jpg"
"11";"Produits Laitiers & Œufs";"Lait Fermenté Lben Jaouda 500ml";"lait-fermente-lben-jaouda-500ml.jpg"
"12";"Produits Laitiers & Œufs";"Lait Fermenté Lben Jaouda 1L";"lait-fermente-lben-jaouda-1l.jpg"
"13";"Produits Laitiers & Œufs";"Lait UHT Chocolaté Centrale 1L";"lait-uht-chocolate-centrale-1l.jpg"
"14";"Produits Laitiers & Œufs";"Lait UHT Chocolaté Jaouda 1L";"lait-uht-chocolate-jaouda-1l.jpg"
"15";"Produits Laitiers & Œufs";"Lait UHT Vanille Centrale 20cl";"lait-uht-vanille-centrale-20cl.jpg"
"16";"Produits Laitiers & Œufs";"Lait UHT Vanille Centrale 500ml";"lait-uht-vanille-centrale-500ml.jpg"
"17";"Produits Laitiers & Œufs";"Lait UHT Fraise Centrale 20cl";"lait-uht-fraise-centrale-20cl.jpg"
"18";"Produits Laitiers & Œufs";"Lait UHT Fraise Centrale 500ml";"lait-uht-fraise-centrale-500ml.jpg"
"19";"Produits Laitiers & Œufs";"Lait UHT Chocolat Centrale 20cl (Briquette)";"lait-uht-chocolat-centrale-20cl-briquette.jpg"
"20";"Produits Laitiers & Œufs";"Lait en Poudre Gloria 400g";"lait-en-poudre-gloria-400g.jpg"
"21";"Produits Laitiers & Œufs";"Lait en Poudre Gloria 900g";"lait-en-poudre-gloria-900g.jpg"
"22";"Produits Laitiers & Œufs";"Lait en Poudre Gloria 2.25kg";"lait-en-poudre-gloria-2-25kg.jpg"
"23";"Produits Laitiers & Œufs";"Lait en Poudre Nido 400g";"lait-en-poudre-nido-400g.jpg"
"24";"Produits Laitiers & Œufs";"Lait en Poudre Nido 900g";"lait-en-poudre-nido-900g.jpg"
"25";"Produits Laitiers & Œufs";"Lait en Poudre Nido 2.25kg";"lait-en-poudre-nido-2-25kg.jpg"
"26";"Produits Laitiers & Œufs";"Yaourt Danone Vanille (Pot 125g)";"yaourt-danone-vanille-pot-125g.jpg"
"27";"Produits Laitiers & Œufs";"Yaourt Centrale Vanille (Pot 125g)";"yaourt-centrale-vanille-pot-125g.jpg"
"28";"Produits Laitiers & Œufs";"Yaourt Danone Fraise (Pot 125g)";"yaourt-danone-fraise-pot-125g.jpg"
"29";"Produits Laitiers & Œufs";"Yaourt Centrale Fraise (Pot 125g)";"yaourt-centrale-fraise-pot-125g.jpg"
"30";"Produits Laitiers & Œufs";"Yaourt Danone Pêche (Pot 125g)";"yaourt-danone-peche-pot-125g.jpg"
"31";"Produits Laitiers & Œufs";"Yaourt Centrale Pêche (Pot 125g)";"yaourt-centrale-peche-pot-125g.jpg"
"32";"Produits Laitiers & Œufs";"Yaourt Danone Abricot (Pot 125g)";"yaourt-danone-abricot-pot-125g.jpg"
"33";"Produits Laitiers & Œufs";"Yaourt Centrale Abricot (Pot 125g)";"yaourt-centrale-abricot-pot-125g.jpg"
"34";"Produits Laitiers & Œufs";"Yaourt Danone Nature (Pot 125g)";"yaourt-danone-nature-pot-125g.jpg"
"35";"Produits Laitiers & Œufs";"Yaourt Centrale Nature (Pot 125g)";"yaourt-centrale-nature-pot-125g.jpg"
"36";"Produits Laitiers & Œufs";"Yaourt Danone Coco (Pot 125g)";"yaourt-danone-coco-pot-125g.jpg"
"37";"Produits Laitiers & Œufs";"Yaourt Centrale Coco (Pot 125g)";"yaourt-centrale-coco-pot-125g.jpg"
"38";"Produits Laitiers & Œufs";"Yaourt Danone Miel (Pot 125g)";"yaourt-danone-miel-pot-125g.jpg"
"39";"Produits Laitiers & Œufs";"Yaourt Centrale Miel (Pot 125g)";"yaourt-centrale-miel-pot-125g.jpg"
"40";"Produits Laitiers & Œufs";"Yaourt Danone Vanille Pack 4x125g";"yaourt-danone-vanille-pack-4x125g.jpg"
"41";"Produits Laitiers & Œufs";"Yaourt Danone Fraise Pack 4x125g";"yaourt-danone-fraise-pack-4x125g.jpg"
"42";"Produits Laitiers & Œufs";"Yaourt à Grecque Centrale Nature 150g";"yaourt-a-grecque-centrale-nature-150g.jpg"
"43";"Produits Laitiers & Œufs";"Yaourt à Grecque Centrale Miel 150g";"yaourt-a-grecque-centrale-miel-150g.jpg"
"44";"Produits Laitiers & Œufs";"Petit Suisse Danone 6x60g";"petit-suisse-danone-6x60g.jpg"
"45";"Produits Laitiers & Œufs";"Beurre de Table Centrale 250g";"beurre-de-table-centrale-250g.jpg"
"46";"Produits Laitiers & Œufs";"Beurre de Table Centrale 500g";"beurre-de-table-centrale-500g.jpg"
"47";"Produits Laitiers & Œufs";"Beurre de Table Centrale 1kg";"beurre-de-table-centrale-1kg.jpg"
"48";"Produits Laitiers & Œufs";"Beurre Beldi 250g";"beurre-beldi-250g.jpg"
"49";"Produits Laitiers & Œufs";"Beurre Beldi 500g";"beurre-beldi-500g.jpg"
"50";"Produits Laitiers & Œufs";"Beurre Beldi 1kg";"beurre-beldi-1kg.jpg"
"51";"Produits Laitiers & Œufs";"Beurre de Cuisine Président 250g";"beurre-de-cuisine-president-250g.jpg"
"52";"Produits Laitiers & Œufs";"Beurre de Cuisine Centurion 250g";"beurre-de-cuisine-centurion-250g.jpg"
"53";"Produits Laitiers & Œufs";"Beurre de Cuisine Président 500g";"beurre-de-cuisine-president-500g.jpg"
"54";"Produits Laitiers & Œufs";"Beurre de Cuisine Centurion 500g";"beurre-de-cuisine-centurion-500g.jpg"
"55";"Produits Laitiers & Œufs";"Beurre Clarifié (Smen) 500g";"beurre-clarifie-smen-500g.jpg"
"56";"Produits Laitiers & Œufs";"Beurre Clarifié (Smen) 1kg";"beurre-clarifie-smen-1kg.jpg"
"57";"Produits Laitiers & Œufs";"Crème Fraîche Cuisine Centrale 20cl";"creme-fraiche-cuisine-centrale-20cl.jpg"
"58";"Produits Laitiers & Œufs";"Crème Fraîche Cuisine Centrale 50cl";"creme-fraiche-cuisine-centrale-50cl.jpg"
"59";"Produits Laitiers & Œufs";"Crème Fraîche Liquide Entière 20cl";"creme-fraiche-liquide-entiere-20cl.jpg"
"60";"Produits Laitiers & Œufs";"Crème Fraîche Liquide Entière 50cl";"creme-fraiche-liquide-entiere-50cl.jpg"
"61";"Produits Laitiers & Œufs";"Crème Fleurette 20cl";"creme-fleurette-20cl.jpg"
"62";"Produits Laitiers & Œufs";"Chantilly Spray Président 250g";"chantilly-spray-president-250g.jpg"
"63";"Produits Laitiers & Œufs";"Fromage La Vache qui Rit 8 Portions";"fromage-la-vache-qui-rit-8-portions.jpg"
"64";"Produits Laitiers & Œufs";"Fromage La Vache qui Rit 16 Portions";"fromage-la-vache-qui-rit-16-portions.jpg"
"65";"Produits Laitiers & Œufs";"Fromage La Vache qui Rit 24 Portions";"fromage-la-vache-qui-rit-24-portions.jpg"
"66";"Produits Laitiers & Œufs";"Fromage La Vache qui Rit 32 Portions";"fromage-la-vache-qui-rit-32-portions.jpg"
"67";"Produits Laitiers & Œufs";"Fromage Les Enfants 8 Portions";"fromage-les-enfants-8-portions.jpg"
"68";"Produits Laitiers & Œufs";"Fromage Les Enfants 16 Portions";"fromage-les-enfants-16-portions.jpg"
"69";"Produits Laitiers & Œufs";"Fromage Président 8 Portions";"fromage-president-8-portions.jpg"
"70";"Produits Laitiers & Œufs";"Fromage Président 16 Portions";"fromage-president-16-portions.jpg"
"71";"Produits Laitiers & Œufs";"Fromage Kiri 6 Portions";"fromage-kiri-6-portions.jpg"
"72";"Produits Laitiers & Œufs";"Fromage Kiri 12 Portions";"fromage-kiri-12-portions.jpg"
"73";"Produits Laitiers & Œufs";"Fromage Kiri 24 Portions";"fromage-kiri-24-portions.jpg"
"74";"Produits Laitiers & Œufs";"Fromage Carré Frais 6 Portions";"fromage-carre-frais-6-portions.jpg"
"75";"Produits Laitiers & Œufs";"Fromage Carré Frais 12 Portions";"fromage-carre-frais-12-portions.jpg"
"76";"Produits Laitiers & Œufs";"Fromage Gouda Tafilelt Bloc 250g";"fromage-gouda-tafilelt-bloc-250g.jpg"
"77";"Produits Laitiers & Œufs";"Fromage Gouda Tafilelt Bloc 400g";"fromage-gouda-tafilelt-bloc-400g.jpg"
"78";"Produits Laitiers & Œufs";"Fromage Gouda Président Bloc 200g";"fromage-gouda-president-bloc-200g.jpg"
"79";"Produits Laitiers & Œufs";"Fromage Edam Graindorge 200g";"fromage-edam-graindorge-200g.jpg"
"80";"Produits Laitiers & Œufs";"Fromage Edam Graindorge 400g";"fromage-edam-graindorge-400g.jpg"
"81";"Produits Laitiers & Œufs";"Fromage Gouda Tranches Tafilelt 200g";"fromage-gouda-tranches-tafilelt-200g.jpg"
"82";"Produits Laitiers & Œufs";"Fromage Mozzarella Râpée Galbani 200g";"fromage-mozzarella-rapee-galbani-200g.jpg"
"83";"Produits Laitiers & Œufs";"Fromage Mozzarella Râpée Galbani 400g";"fromage-mozzarella-rapee-galbani-400g.jpg"
"84";"Produits Laitiers & Œufs";"Fromage Mozzarella Râpée Président 200g";"fromage-mozzarella-rapee-president-200g.jpg"
"85";"Produits Laitiers & Œufs";"Fromage Mozzarella Râpée Safilait 200g";"fromage-mozzarella-rapee-safilait-200g.jpg"
"86";"Produits Laitiers & Œufs";"Fromage Mozzarella Râpée Safilait 1kg";"fromage-mozzarella-rapee-safilait-1kg.jpg"
"87";"Produits Laitiers & Œufs";"Fromage Emmental Râpé Président 200g";"fromage-emmental-rape-president-200g.jpg"
"88";"Produits Laitiers & Œufs";"Fromage Emmental Râpé 400g";"fromage-emmental-rape-400g.jpg"
"89";"Produits Laitiers & Œufs";"Fromage Cheddar Tranches Sandwich 200g";"fromage-cheddar-tranches-sandwich-200g.jpg"
"90";"Produits Laitiers & Œufs";"Fromage Cheddar Tranches Sandwich 400g";"fromage-cheddar-tranches-sandwich-400g.jpg"
"91";"Produits Laitiers & Œufs";"Boîte de 6 Œufs Frais Calibre M";"boite-de-6-ufs-frais-calibre-m.jpg"
"92";"Produits Laitiers & Œufs";"Boîte de 12 Œufs Frais Calibre M";"boite-de-12-ufs-frais-calibre-m.jpg"
"93";"Produits Laitiers & Œufs";"Boîte de 12 Œufs Frais Calibre L";"boite-de-12-ufs-frais-calibre-l.jpg"
"94";"Produits Laitiers & Œufs";"Plateau de 30 Œufs Frais Calibre S";"plateau-de-30-ufs-frais-calibre-s.jpg"
"95";"Produits Laitiers & Œufs";"Plateau de 30 Œufs Frais Calibre M";"plateau-de-30-ufs-frais-calibre-m.jpg"
"96";"Produits Laitiers & Œufs";"Plateau de 30 Œufs Frais Calibre L";"plateau-de-30-ufs-frais-calibre-l.jpg"
"97";"Produits Laitiers & Œufs";"Plateau de 30 Œufs Label Rouge";"plateau-de-30-ufs-label-rouge.jpg"
"98";"Épicerie Salée & Conserves";"Pâtes Rima Spaghettis 500g";"pates-rima-spaghettis-500g.jpg"
"99";"Épicerie Salée & Conserves";"Pâtes Rima Spaghettis 1kg";"pates-rima-spaghettis-1kg.jpg"
"100";"Épicerie Salée & Conserves";"Pâtes Rima Macaroni 500g";"pates-rima-macaroni-500g.jpg"
"101";"Épicerie Salée & Conserves";"Pâtes Rima Macaroni 1kg";"pates-rima-macaroni-1kg.jpg"
"102";"Épicerie Salée & Conserves";"Pâtes Rima Penne 500g";"pates-rima-penne-500g.jpg"
"103";"Épicerie Salée & Conserves";"Pâtes Rima Penne 1kg";"pates-rima-penne-1kg.jpg"
"104";"Épicerie Salée & Conserves";"Pâtes Rima Coquillettes 500g";"pates-rima-coquillettes-500g.jpg"
"105";"Épicerie Salée & Conserves";"Pâtes Rima Coquillettes 1kg";"pates-rima-coquillettes-1kg.jpg"
"106";"Épicerie Salée & Conserves";"Pâtes Rima Tagliatelles 500g";"pates-rima-tagliatelles-500g.jpg"
"107";"Épicerie Salée & Conserves";"Pâtes Rima Tagliatelles 1kg";"pates-rima-tagliatelles-1kg.jpg"
"108";"Épicerie Salée & Conserves";"Pâtes Rima Lasagnes 500g";"pates-rima-lasagnes-500g.jpg"
"109";"Épicerie Salée & Conserves";"Pâtes Rima Lasagnes 1kg";"pates-rima-lasagnes-1kg.jpg"
"110";"Épicerie Salée & Conserves";"Pâtes Rima Vermicelles 500g";"pates-rima-vermicelles-500g.jpg"
"111";"Épicerie Salée & Conserves";"Pâtes Rima Vermicelles 1kg";"pates-rima-vermicelles-1kg.jpg"
"112";"Épicerie Salée & Conserves";"Pâtes Dari Spaghettis 500g";"pates-dari-spaghettis-500g.jpg"
"113";"Épicerie Salée & Conserves";"Pâtes Dari Spaghettis 1kg";"pates-dari-spaghettis-1kg.jpg"
"114";"Épicerie Salée & Conserves";"Pâtes Dari Macaroni 500g";"pates-dari-macaroni-500g.jpg"
"115";"Épicerie Salée & Conserves";"Pâtes Dari Macaroni 1kg";"pates-dari-macaroni-1kg.jpg"
"116";"Épicerie Salée & Conserves";"Pâtes Dari Penne 500g";"pates-dari-penne-500g.jpg"
"117";"Épicerie Salée & Conserves";"Pâtes Dari Penne 1kg";"pates-dari-penne-1kg.jpg"
"118";"Épicerie Salée & Conserves";"Pâtes Dari Coquillettes 500g";"pates-dari-coquillettes-500g.jpg"
"119";"Épicerie Salée & Conserves";"Pâtes Dari Coquillettes 1kg";"pates-dari-coquillettes-1kg.jpg"
"120";"Épicerie Salée & Conserves";"Pâtes Dari Tagliatelles 500g";"pates-dari-tagliatelles-500g.jpg"
"121";"Épicerie Salée & Conserves";"Pâtes Dari Tagliatelles 1kg";"pates-dari-tagliatelles-1kg.jpg"
"122";"Épicerie Salée & Conserves";"Pâtes Dari Lasagnes 500g";"pates-dari-lasagnes-500g.jpg"
"123";"Épicerie Salée & Conserves";"Pâtes Dari Lasagnes 1kg";"pates-dari-lasagnes-1kg.jpg"
"124";"Épicerie Salée & Conserves";"Pâtes Dari Vermicelles 500g";"pates-dari-vermicelles-500g.jpg"
"125";"Épicerie Salée & Conserves";"Pâtes Dari Vermicelles 1kg";"pates-dari-vermicelles-1kg.jpg"
"126";"Épicerie Salée & Conserves";"Pâtes Fandy Spaghettis 500g";"pates-fandy-spaghettis-500g.jpg"
"127";"Épicerie Salée & Conserves";"Pâtes Fandy Spaghettis 1kg";"pates-fandy-spaghettis-1kg.jpg"
"128";"Épicerie Salée & Conserves";"Pâtes Fandy Macaroni 500g";"pates-fandy-macaroni-500g.jpg"
"129";"Épicerie Salée & Conserves";"Pâtes Fandy Macaroni 1kg";"pates-fandy-macaroni-1kg.jpg"
"130";"Épicerie Salée & Conserves";"Pâtes Fandy Penne 500g";"pates-fandy-penne-500g.jpg"
"131";"Épicerie Salée & Conserves";"Pâtes Fandy Penne 1kg";"pates-fandy-penne-1kg.jpg"
"132";"Épicerie Salée & Conserves";"Pâtes Fandy Coquillettes 500g";"pates-fandy-coquillettes-500g.jpg"
"133";"Épicerie Salée & Conserves";"Pâtes Fandy Coquillettes 1kg";"pates-fandy-coquillettes-1kg.jpg"
"134";"Épicerie Salée & Conserves";"Pâtes Fandy Tagliatelles 500g";"pates-fandy-tagliatelles-500g.jpg"
"135";"Épicerie Salée & Conserves";"Pâtes Fandy Tagliatelles 1kg";"pates-fandy-tagliatelles-1kg.jpg"
"136";"Épicerie Salée & Conserves";"Pâtes Fandy Lasagnes 500g";"pates-fandy-lasagnes-500g.jpg"
"137";"Épicerie Salée & Conserves";"Pâtes Fandy Lasagnes 1kg";"pates-fandy-lasagnes-1kg.jpg"
"138";"Épicerie Salée & Conserves";"Pâtes Fandy Vermicelles 500g";"pates-fandy-vermicelles-500g.jpg"
"139";"Épicerie Salée & Conserves";"Pâtes Fandy Vermicelles 1kg";"pates-fandy-vermicelles-1kg.jpg"
"140";"Épicerie Salée & Conserves";"Pâtes Tria Spaghettis 500g";"pates-tria-spaghettis-500g.jpg"
"141";"Épicerie Salée & Conserves";"Pâtes Tria Spaghettis 1kg";"pates-tria-spaghettis-1kg.jpg"
"142";"Épicerie Salée & Conserves";"Pâtes Tria Macaroni 500g";"pates-tria-macaroni-500g.jpg"
"143";"Épicerie Salée & Conserves";"Pâtes Tria Macaroni 1kg";"pates-tria-macaroni-1kg.jpg"
"144";"Épicerie Salée & Conserves";"Pâtes Tria Penne 500g";"pates-tria-penne-500g.jpg"
"145";"Épicerie Salée & Conserves";"Pâtes Tria Penne 1kg";"pates-tria-penne-1kg.jpg"
"146";"Épicerie Salée & Conserves";"Pâtes Tria Coquillettes 500g";"pates-tria-coquillettes-500g.jpg"
"147";"Épicerie Salée & Conserves";"Pâtes Tria Coquillettes 1kg";"pates-tria-coquillettes-1kg.jpg"
"148";"Épicerie Salée & Conserves";"Pâtes Tria Tagliatelles 500g";"pates-tria-tagliatelles-500g.jpg"
"149";"Épicerie Salée & Conserves";"Pâtes Tria Tagliatelles 1kg";"pates-tria-tagliatelles-1kg.jpg"
"150";"Épicerie Salée & Conserves";"Pâtes Tria Lasagnes 500g";"pates-tria-lasagnes-500g.jpg"
"151";"Épicerie Salée & Conserves";"Pâtes Tria Lasagnes 1kg";"pates-tria-lasagnes-1kg.jpg"
"152";"Épicerie Salée & Conserves";"Pâtes Tria Vermicelles 500g";"pates-tria-vermicelles-500g.jpg"
"153";"Épicerie Salée & Conserves";"Pâtes Tria Vermicelles 1kg";"pates-tria-vermicelles-1kg.jpg"
"154";"Épicerie Salée & Conserves";"Pâtes Rima Vermicelles 250g";"pates-rima-vermicelles-250g.jpg"
"155";"Épicerie Salée & Conserves";"Pâtes Dari Vermicelles 250g";"pates-dari-vermicelles-250g.jpg"
"156";"Épicerie Salée & Conserves";"Pâtes Fandy Vermicelles 250g";"pates-fandy-vermicelles-250g.jpg"
"157";"Épicerie Salée & Conserves";"Couscous Fin Dari 1kg";"couscous-fin-dari-1kg.jpg"
"158";"Épicerie Salée & Conserves";"Couscous Fin Dari 2kg";"couscous-fin-dari-2kg.jpg"
"159";"Épicerie Salée & Conserves";"Couscous Fin Dari 5kg";"couscous-fin-dari-5kg.jpg"
"160";"Épicerie Salée & Conserves";"Couscous Moyen Dari 1kg";"couscous-moyen-dari-1kg.jpg"
"161";"Épicerie Salée & Conserves";"Couscous Moyen Dari 2kg";"couscous-moyen-dari-2kg.jpg"
"162";"Épicerie Salée & Conserves";"Couscous Moyen Dari 5kg";"couscous-moyen-dari-5kg.jpg"
"163";"Épicerie Salée & Conserves";"Couscous Complet Dari 1kg";"couscous-complet-dari-1kg.jpg"
"164";"Épicerie Salée & Conserves";"Couscous Complet Dari 2kg";"couscous-complet-dari-2kg.jpg"
"165";"Épicerie Salée & Conserves";"Couscous Complet Dari 5kg";"couscous-complet-dari-5kg.jpg"
"166";"Épicerie Salée & Conserves";"Couscous Maïs Dari 1kg";"couscous-mais-dari-1kg.jpg"
"167";"Épicerie Salée & Conserves";"Couscous Maïs Dari 2kg";"couscous-mais-dari-2kg.jpg"
"168";"Épicerie Salée & Conserves";"Couscous Maïs Dari 5kg";"couscous-mais-dari-5kg.jpg"
"169";"Épicerie Salée & Conserves";"Couscous Fin Fandy 1kg";"couscous-fin-fandy-1kg.jpg"
"170";"Épicerie Salée & Conserves";"Couscous Fin Fandy 2kg";"couscous-fin-fandy-2kg.jpg"
"171";"Épicerie Salée & Conserves";"Couscous Fin Fandy 5kg";"couscous-fin-fandy-5kg.jpg"
"172";"Épicerie Salée & Conserves";"Couscous Moyen Fandy 1kg";"couscous-moyen-fandy-1kg.jpg"
"173";"Épicerie Salée & Conserves";"Couscous Moyen Fandy 2kg";"couscous-moyen-fandy-2kg.jpg"
"174";"Épicerie Salée & Conserves";"Couscous Moyen Fandy 5kg";"couscous-moyen-fandy-5kg.jpg"
"175";"Épicerie Salée & Conserves";"Couscous Complet Fandy 1kg";"couscous-complet-fandy-1kg.jpg"
"176";"Épicerie Salée & Conserves";"Couscous Complet Fandy 2kg";"couscous-complet-fandy-2kg.jpg"
"177";"Épicerie Salée & Conserves";"Couscous Complet Fandy 5kg";"couscous-complet-fandy-5kg.jpg"
"178";"Épicerie Salée & Conserves";"Couscous Maïs Fandy 1kg";"couscous-mais-fandy-1kg.jpg"
"179";"Épicerie Salée & Conserves";"Couscous Maïs Fandy 2kg";"couscous-mais-fandy-2kg.jpg"
"180";"Épicerie Salée & Conserves";"Couscous Maïs Fandy 5kg";"couscous-mais-fandy-5kg.jpg"
"181";"Épicerie Salée & Conserves";"Pâte à Pizza Hida 300g (Frais)";"pate-a-pizza-hida-300g-frais.jpg"
"182";"Épicerie Salée & Conserves";"Pâte à Pizza Carrefour 300g (Frais)";"pate-a-pizza-carrefour-300g-frais.jpg"
"183";"Épicerie Salée & Conserves";"Pâte à Pizza Artisanale 400g";"pate-a-pizza-artisanale-400g.jpg"
"184";"Épicerie Salée & Conserves";"Pâte Feuilletée Rouleau 270g";"pate-feuilletee-rouleau-270g.jpg"
"185";"Épicerie Salée & Conserves";"Pâte Feuilletée Rouleau Pur Beurre 270g";"pate-feuilletee-rouleau-pur-beurre-270g.jpg"
"186";"Épicerie Salée & Conserves";"Pâte Brisée Rouleau 280g";"pate-brisee-rouleau-280g.jpg"
"187";"Épicerie Salée & Conserves";"Pâte à Pizza Surgelée 400g";"pate-a-pizza-surgelee-400g.jpg"
"188";"Épicerie Salée & Conserves";"Pâte Brisée Surgelée 400g";"pate-brisee-surgelee-400g.jpg"
"189";"Épicerie Salée & Conserves";"Riz Rond Rima 1kg";"riz-rond-rima-1kg.jpg"
"190";"Épicerie Salée & Conserves";"Riz Rond Rima 5kg";"riz-rond-rima-5kg.jpg"
"191";"Épicerie Salée & Conserves";"Riz Rond Dari 1kg";"riz-rond-dari-1kg.jpg"
"192";"Épicerie Salée & Conserves";"Riz Rond Dari 5kg";"riz-rond-dari-5kg.jpg"
"193";"Épicerie Salée & Conserves";"Riz Basmati 1kg";"riz-basmati-1kg.jpg"
"194";"Épicerie Salée & Conserves";"Riz Basmati 5kg";"riz-basmati-5kg.jpg"
"195";"Épicerie Salée & Conserves";"Riz Long Parfumé 1kg";"riz-long-parfume-1kg.jpg"
"196";"Épicerie Salée & Conserves";"Riz Long Parfumé 5kg";"riz-long-parfume-5kg.jpg"
"197";"Épicerie Salée & Conserves";"Riz Thaï 1kg";"riz-thai-1kg.jpg"
"198";"Épicerie Salée & Conserves";"Riz Camolino 1kg";"riz-camolino-1kg.jpg"
"199";"Épicerie Salée & Conserves";"Pois Chiches Secs 1kg";"pois-chiches-secs-1kg.jpg"
"200";"Épicerie Salée & Conserves";"Pois Chiches Secs 5kg";"pois-chiches-secs-5kg.jpg"
"201";"Épicerie Salée & Conserves";"Lentilles Vertes 1kg";"lentilles-vertes-1kg.jpg"
"202";"Épicerie Salée & Conserves";"Lentilles Corail 1kg";"lentilles-corail-1kg.jpg"
"203";"Épicerie Salée & Conserves";"Lentilles Vertes 5kg";"lentilles-vertes-5kg.jpg"
"204";"Épicerie Salée & Conserves";"Haricots Blancs 1kg";"haricots-blancs-1kg.jpg"
"205";"Épicerie Salée & Conserves";"Haricots Rouges 1kg";"haricots-rouges-1kg.jpg"
"206";"Épicerie Salée & Conserves";"Fèves Sèches 1kg";"feves-seches-1kg.jpg"
"207";"Épicerie Salée & Conserves";"Fèves Sèches 5kg";"feves-seches-5kg.jpg"
"208";"Épicerie Salée & Conserves";"Farine de Blé Tendre Fandy 1kg";"farine-de-ble-tendre-fandy-1kg.jpg"
"209";"Épicerie Salée & Conserves";"Farine de Blé Tendre Fandy 2kg";"farine-de-ble-tendre-fandy-2kg.jpg"
"210";"Épicerie Salée & Conserves";"Farine de Blé Tendre Fandy 5kg";"farine-de-ble-tendre-fandy-5kg.jpg"
"211";"Épicerie Salée & Conserves";"Farine de Blé Tendre Fandy 10kg";"farine-de-ble-tendre-fandy-10kg.jpg"
"212";"Épicerie Salée & Conserves";"Semoule Fine Blé Dur Fandy 1kg";"semoule-fine-ble-dur-fandy-1kg.jpg"
"213";"Épicerie Salée & Conserves";"Semoule Moyenne Blé Dur Fandy 1kg";"semoule-moyenne-ble-dur-fandy-1kg.jpg"
"214";"Épicerie Salée & Conserves";"Farine de Blé Tendre Maymouna 1kg";"farine-de-ble-tendre-maymouna-1kg.jpg"
"215";"Épicerie Salée & Conserves";"Farine de Blé Tendre Maymouna 2kg";"farine-de-ble-tendre-maymouna-2kg.jpg"
"216";"Épicerie Salée & Conserves";"Farine de Blé Tendre Maymouna 5kg";"farine-de-ble-tendre-maymouna-5kg.jpg"
"217";"Épicerie Salée & Conserves";"Farine de Blé Tendre Maymouna 10kg";"farine-de-ble-tendre-maymouna-10kg.jpg"
"218";"Épicerie Salée & Conserves";"Semoule Fine Blé Dur Maymouna 1kg";"semoule-fine-ble-dur-maymouna-1kg.jpg"
"219";"Épicerie Salée & Conserves";"Semoule Moyenne Blé Dur Maymouna 1kg";"semoule-moyenne-ble-dur-maymouna-1kg.jpg"
"220";"Épicerie Salée & Conserves";"Farine de Blé Tendre Tria 1kg";"farine-de-ble-tendre-tria-1kg.jpg"
"221";"Épicerie Salée & Conserves";"Farine de Blé Tendre Tria 2kg";"farine-de-ble-tendre-tria-2kg.jpg"
"222";"Épicerie Salée & Conserves";"Farine de Blé Tendre Tria 5kg";"farine-de-ble-tendre-tria-5kg.jpg"
"223";"Épicerie Salée & Conserves";"Farine de Blé Tendre Tria 10kg";"farine-de-ble-tendre-tria-10kg.jpg"
"224";"Épicerie Salée & Conserves";"Semoule Fine Blé Dur Tria 1kg";"semoule-fine-ble-dur-tria-1kg.jpg"
"225";"Épicerie Salée & Conserves";"Semoule Moyenne Blé Dur Tria 1kg";"semoule-moyenne-ble-dur-tria-1kg.jpg"
"226";"Épicerie Salée & Conserves";"Semoule de Maïs 1kg";"semoule-de-mais-1kg.jpg"
"227";"Épicerie Salée & Conserves";"Farine de Maïs 1kg";"farine-de-mais-1kg.jpg"
"228";"Épicerie Salée & Conserves";"Maïzena (Fécule) 500g";"maizena-fecule-500g.jpg"
"229";"Épicerie Salée & Conserves";"Maïzena (Fécule) 1kg";"maizena-fecule-1kg.jpg"
"230";"Épicerie Salée & Conserves";"Huile de Table Lesieur 1L";"huile-de-table-lesieur-1l.jpg"
"231";"Épicerie Salée & Conserves";"Huile Afia 1L";"huile-afia-1l.jpg"
"232";"Épicerie Salée & Conserves";"Huile Tournesol Hala 1L";"huile-tournesol-hala-1l.jpg"
"233";"Épicerie Salée & Conserves";"Huile Tournesol Cristal 1L";"huile-tournesol-cristal-1l.jpg"
"234";"Épicerie Salée & Conserves";"Huile de Table Lesieur 2L";"huile-de-table-lesieur-2l.jpg"
"235";"Épicerie Salée & Conserves";"Huile Afia 2L";"huile-afia-2l.jpg"
"236";"Épicerie Salée & Conserves";"Huile Tournesol Hala 2L";"huile-tournesol-hala-2l.jpg"
"237";"Épicerie Salée & Conserves";"Huile Tournesol Cristal 2L";"huile-tournesol-cristal-2l.jpg"
"238";"Épicerie Salée & Conserves";"Huile de Table Lesieur 3L";"huile-de-table-lesieur-3l.jpg"
"239";"Épicerie Salée & Conserves";"Huile Afia 3L";"huile-afia-3l.jpg"
"240";"Épicerie Salée & Conserves";"Huile Tournesol Hala 3L";"huile-tournesol-hala-3l.jpg"
"241";"Épicerie Salée & Conserves";"Huile Tournesol Cristal 3L";"huile-tournesol-cristal-3l.jpg"
"242";"Épicerie Salée & Conserves";"Huile de Table Lesieur 5L";"huile-de-table-lesieur-5l.jpg"
"243";"Épicerie Salée & Conserves";"Huile Afia 5L";"huile-afia-5l.jpg"
"244";"Épicerie Salée & Conserves";"Huile Tournesol Hala 5L";"huile-tournesol-hala-5l.jpg"
"245";"Épicerie Salée & Conserves";"Huile Tournesol Cristal 5L";"huile-tournesol-cristal-5l.jpg"
"246";"Épicerie Salée & Conserves";"Huile d'Olive Extra Vierge Lesieur 1L";"huile-d-olive-extra-vierge-lesieur-1l.jpg"
"247";"Épicerie Salée & Conserves";"Huile d'Olive Extra Vierge Lesieur 2L";"huile-d-olive-extra-vierge-lesieur-2l.jpg"
"248";"Épicerie Salée & Conserves";"Huile d'Olive Oued Souss 1L";"huile-d-olive-oued-souss-1l.jpg"
"249";"Épicerie Salée & Conserves";"Huile d'Olive Oued Souss 2L";"huile-d-olive-oued-souss-2l.jpg"
"250";"Épicerie Salée & Conserves";"Huile d'Olive Terroir du Maroc 1L";"huile-d-olive-terroir-du-maroc-1l.jpg"
"251";"Épicerie Salée & Conserves";"Huile d'Olive Vierge 75cl";"huile-d-olive-vierge-75cl.jpg"
"252";"Épicerie Salée & Conserves";"Huile d'Argan Alimentaire 250ml";"huile-d-argan-alimentaire-250ml.jpg"
"253";"Épicerie Salée & Conserves";"Vinaigre Blanc Cristal 50cl";"vinaigre-blanc-cristal-50cl.jpg"
"254";"Épicerie Salée & Conserves";"Vinaigre Blanc Cristal 1L";"vinaigre-blanc-cristal-1l.jpg"
"255";"Épicerie Salée & Conserves";"Vinaigre de Cidre 50cl";"vinaigre-de-cidre-50cl.jpg"
"256";"Épicerie Salée & Conserves";"Vinaigre de Cidre 1L";"vinaigre-de-cidre-1l.jpg"
"257";"Épicerie Salée & Conserves";"Vinaigre Balsamique 50cl";"vinaigre-balsamique-50cl.jpg"
"258";"Épicerie Salée & Conserves";"Sel Fin Blanc Lesieur 1kg";"sel-fin-blanc-lesieur-1kg.jpg"
"259";"Épicerie Salée & Conserves";"Sel Fin Blanc Lesieur 2kg";"sel-fin-blanc-lesieur-2kg.jpg"
"260";"Épicerie Salée & Conserves";"Sel Gros Cristallin 1kg";"sel-gros-cristallin-1kg.jpg"
"261";"Épicerie Salée & Conserves";"Sel Gris de Mer 1kg";"sel-gris-de-mer-1kg.jpg"
"262";"Épicerie Salée & Conserves";"Poivre Noir Moulu 100g";"poivre-noir-moulu-100g.jpg"
"263";"Épicerie Salée & Conserves";"Poivre Noir en Grains 100g";"poivre-noir-en-grains-100g.jpg"
"264";"Épicerie Salée & Conserves";"Concentré de Tomates Aïcha Tube 200g";"concentre-de-tomates-aicha-tube-200g.jpg"
"265";"Épicerie Salée & Conserves";"Concentré de Tomates Aïcha Boîte 400g";"concentre-de-tomates-aicha-boite-400g.jpg"
"266";"Épicerie Salée & Conserves";"Concentré de Tomates Aïcha Boîte 800g";"concentre-de-tomates-aicha-boite-800g.jpg"
"267";"Épicerie Salée & Conserves";"Concentré de Tomates Aïcha Boîte 2.5kg";"concentre-de-tomates-aicha-boite-2-5kg.jpg"
"268";"Épicerie Salée & Conserves";"Concentré de Tomates Koutoubia 400g";"concentre-de-tomates-koutoubia-400g.jpg"
"269";"Épicerie Salée & Conserves";"Concentré de Tomates Koutoubia 800g";"concentre-de-tomates-koutoubia-800g.jpg"
"270";"Épicerie Salée & Conserves";"Concentré de Tomates Double Concentré 400g";"concentre-de-tomates-double-concentre-400g.jpg"
"271";"Épicerie Salée & Conserves";"Sauce Tomate Cuisinée Aïcha Brique 500g";"sauce-tomate-cuisinee-aicha-brique-500g.jpg"
"272";"Épicerie Salée & Conserves";"Sauce Tomate Cuisinée Rima Brique 500g";"sauce-tomate-cuisinee-rima-brique-500g.jpg"
"273";"Épicerie Salée & Conserves";"Sauce Tomate Bolognese Préparée 500g";"sauce-tomate-bolognese-preparee-500g.jpg"
"274";"Épicerie Salée & Conserves";"Sauce Tomate Napolitaine Préparée 500g";"sauce-tomate-napolitaine-preparee-500g.jpg"
"275";"Épicerie Salée & Conserves";"Ketchup Heinz Flacon 300g";"ketchup-heinz-flacon-300g.jpg"
"276";"Épicerie Salée & Conserves";"Ketchup Heinz Flacon 500g";"ketchup-heinz-flacon-500g.jpg"
"277";"Épicerie Salée & Conserves";"Ketchup Aïcha Flacon 300g";"ketchup-aicha-flacon-300g.jpg"
"278";"Épicerie Salée & Conserves";"Ketchup Aïcha Flacon 500g";"ketchup-aicha-flacon-500g.jpg"
"279";"Épicerie Salée & Conserves";"Mayonnaise Lesieur Flacon 300g";"mayonnaise-lesieur-flacon-300g.jpg"
"280";"Épicerie Salée & Conserves";"Mayonnaise Lesieur Flacon 500g";"mayonnaise-lesieur-flacon-500g.jpg"
"281";"Épicerie Salée & Conserves";"Mayonnaise Aïcha Flacon 300g";"mayonnaise-aicha-flacon-300g.jpg"
"282";"Épicerie Salée & Conserves";"Mayonnaise Aïcha Flacon 500g";"mayonnaise-aicha-flacon-500g.jpg"
"283";"Épicerie Salée & Conserves";"Mayonnaise Dijonnaise Flacon 300g";"mayonnaise-dijonnaise-flacon-300g.jpg"
"284";"Épicerie Salée & Conserves";"Moutarde Forte Flacon 250g";"moutarde-forte-flacon-250g.jpg"
"285";"Épicerie Salée & Conserves";"Moutarde Douce Flacon 250g";"moutarde-douce-flacon-250g.jpg"
"286";"Épicerie Salée & Conserves";"Moutarde de Dijon Flacon 250g";"moutarde-de-dijon-flacon-250g.jpg"
"287";"Épicerie Salée & Conserves";"Sauce Barbecue Flacon 300g";"sauce-barbecue-flacon-300g.jpg"
"288";"Épicerie Salée & Conserves";"Sauce Algérienne Flacon 300g";"sauce-algerienne-flacon-300g.jpg"
"289";"Épicerie Salée & Conserves";"Harissa Le Phare du Cap Bon Tube 70g";"harissa-le-phare-du-cap-bon-tube-70g.jpg"
"290";"Épicerie Salée & Conserves";"Harissa Le Phare du Cap Bon Boîte 380g";"harissa-le-phare-du-cap-bon-boite-380g.jpg"
"291";"Épicerie Salée & Conserves";"Harissa Aïcha Tube 70g";"harissa-aicha-tube-70g.jpg"
"292";"Épicerie Salée & Conserves";"Harissa Aïcha Boîte 380g";"harissa-aicha-boite-380g.jpg"
"293";"Épicerie Salée & Conserves";"Harissa Aïcha Boîte 760g";"harissa-aicha-boite-760g.jpg"
"294";"Épicerie Salée & Conserves";"Épice Cumin (Sachet 100g)";"epice-cumin-sachet-100g.jpg"
"295";"Épicerie Salée & Conserves";"Épice Cumin (Bocal 250g)";"epice-cumin-bocal-250g.jpg"
"296";"Épicerie Salée & Conserves";"Épice Paprika (Sachet 100g)";"epice-paprika-sachet-100g.jpg"
"297";"Épicerie Salée & Conserves";"Épice Paprika (Bocal 250g)";"epice-paprika-bocal-250g.jpg"
"298";"Épicerie Salée & Conserves";"Épice Gingembre (Sachet 100g)";"epice-gingembre-sachet-100g.jpg"
"299";"Épicerie Salée & Conserves";"Épice Gingembre (Bocal 250g)";"epice-gingembre-bocal-250g.jpg"
"300";"Épicerie Salée & Conserves";"Épice Curcuma (Sachet 100g)";"epice-curcuma-sachet-100g.jpg"
"301";"Épicerie Salée & Conserves";"Épice Curcuma (Bocal 250g)";"epice-curcuma-bocal-250g.jpg"
"302";"Épicerie Salée & Conserves";"Épice Cannelle (Sachet 100g)";"epice-cannelle-sachet-100g.jpg"
"303";"Épicerie Salée & Conserves";"Épice Cannelle (Bocal 250g)";"epice-cannelle-bocal-250g.jpg"
"304";"Épicerie Salée & Conserves";"Épice Coriandre (Sachet 100g)";"epice-coriandre-sachet-100g.jpg"
"305";"Épicerie Salée & Conserves";"Épice Coriandre (Bocal 250g)";"epice-coriandre-bocal-250g.jpg"
"306";"Épicerie Salée & Conserves";"Épice Noix de Muscade (Sachet 100g)";"epice-noix-de-muscade-sachet-100g.jpg"
"307";"Épicerie Salée & Conserves";"Épice Noix de Muscade (Bocal 250g)";"epice-noix-de-muscade-bocal-250g.jpg"
"308";"Épicerie Salée & Conserves";"Épice Ras el Hanout (Sachet 100g)";"epice-ras-el-hanout-sachet-100g.jpg"
"309";"Épicerie Salée & Conserves";"Épice Ras el Hanout (Bocal 250g)";"epice-ras-el-hanout-bocal-250g.jpg"
"310";"Épicerie Salée & Conserves";"Épice Mélange Couscous (Sachet 100g)";"epice-melange-couscous-sachet-100g.jpg"
"311";"Épicerie Salée & Conserves";"Épice Mélange Couscous (Bocal 250g)";"epice-melange-couscous-bocal-250g.jpg"
"312";"Épicerie Salée & Conserves";"Épice Zaatar (Sachet 100g)";"epice-zaatar-sachet-100g.jpg"
"313";"Épicerie Salée & Conserves";"Épice Zaatar (Bocal 250g)";"epice-zaatar-bocal-250g.jpg"
"314";"Épicerie Salée & Conserves";"Épice Mélange Grillades (Sachet 100g)";"epice-melange-grillades-sachet-100g.jpg"
"315";"Épicerie Salée & Conserves";"Épice Mélange Grillades (Bocal 250g)";"epice-melange-grillades-bocal-250g.jpg"
"316";"Épicerie Salée & Conserves";"Épice Ail en Poudre (Sachet 100g)";"epice-ail-en-poudre-sachet-100g.jpg"
"317";"Épicerie Salée & Conserves";"Épice Ail en Poudre (Bocal 250g)";"epice-ail-en-poudre-bocal-250g.jpg"
"318";"Épicerie Salée & Conserves";"Épice Oignon en Poudre (Sachet 100g)";"epice-oignon-en-poudre-sachet-100g.jpg"
"319";"Épicerie Salée & Conserves";"Épice Oignon en Poudre (Bocal 250g)";"epice-oignon-en-poudre-bocal-250g.jpg"
"320";"Épicerie Salée & Conserves";"Thon Tom Ton À l'huile de tournesol 80g";"thon-tom-ton-a-l-huile-de-tournesol-80g.jpg"
"321";"Épicerie Salée & Conserves";"Thon Tom Ton À l'huile de tournesol 160g";"thon-tom-ton-a-l-huile-de-tournesol-160g.jpg"
"322";"Épicerie Salée & Conserves";"Thon Aloes À l'huile de tournesol 80g";"thon-aloes-a-l-huile-de-tournesol-80g.jpg"
"323";"Épicerie Salée & Conserves";"Thon Aloes À l'huile de tournesol 160g";"thon-aloes-a-l-huile-de-tournesol-160g.jpg"
"324";"Épicerie Salée & Conserves";"Thon Anny À l'huile de tournesol 80g (Lot de 3)";"thon-anny-a-l-huile-de-tournesol-80g-lot-de-3.jpg"
"325";"Épicerie Salée & Conserves";"Thon Anny À l'huile de tournesol 160g (Lot de 3)";"thon-anny-a-l-huile-de-tournesol-160g-lot-de-3.jpg"
"326";"Épicerie Salée & Conserves";"Thon Tom Ton À l'huile d'olive 80g";"thon-tom-ton-a-l-huile-d-olive-80g.jpg"
"327";"Épicerie Salée & Conserves";"Thon Tom Ton À l'huile d'olive 160g";"thon-tom-ton-a-l-huile-d-olive-160g.jpg"
"328";"Épicerie Salée & Conserves";"Thon Aloes À l'huile d'olive 80g";"thon-aloes-a-l-huile-d-olive-80g.jpg"
"329";"Épicerie Salée & Conserves";"Thon Aloes À l'huile d'olive 160g";"thon-aloes-a-l-huile-d-olive-160g.jpg"
"330";"Épicerie Salée & Conserves";"Thon Anny À l'huile d'olive 80g (Lot de 3)";"thon-anny-a-l-huile-d-olive-80g-lot-de-3.jpg"
"331";"Épicerie Salée & Conserves";"Thon Anny À l'huile d'olive 160g (Lot de 3)";"thon-anny-a-l-huile-d-olive-160g-lot-de-3.jpg"
"332";"Épicerie Salée & Conserves";"Thon Tom Ton Au naturel 80g";"thon-tom-ton-au-naturel-80g.jpg"
"333";"Épicerie Salée & Conserves";"Thon Tom Ton Au naturel 160g";"thon-tom-ton-au-naturel-160g.jpg"
"334";"Épicerie Salée & Conserves";"Thon Aloes Au naturel 80g";"thon-aloes-au-naturel-80g.jpg"
"335";"Épicerie Salée & Conserves";"Thon Aloes Au naturel 160g";"thon-aloes-au-naturel-160g.jpg"
"336";"Épicerie Salée & Conserves";"Thon Anny Au naturel 80g (Lot de 3)";"thon-anny-au-naturel-80g-lot-de-3.jpg"
"337";"Épicerie Salée & Conserves";"Thon Anny Au naturel 160g (Lot de 3)";"thon-anny-au-naturel-160g-lot-de-3.jpg"
"338";"Épicerie Salée & Conserves";"Thon Tom Ton Piments 80g";"thon-tom-ton-piments-80g.jpg"
"339";"Épicerie Salée & Conserves";"Thon Tom Ton Piments 160g";"thon-tom-ton-piments-160g.jpg"
"340";"Épicerie Salée & Conserves";"Thon Aloes Piments 80g";"thon-aloes-piments-80g.jpg"
"341";"Épicerie Salée & Conserves";"Thon Aloes Piments 160g";"thon-aloes-piments-160g.jpg"
"342";"Épicerie Salée & Conserves";"Thon Anny Piments 80g (Lot de 3)";"thon-anny-piments-80g-lot-de-3.jpg"
"343";"Épicerie Salée & Conserves";"Thon Anny Piments 160g (Lot de 3)";"thon-anny-piments-160g-lot-de-3.jpg"
"344";"Épicerie Salée & Conserves";"Sardines Anny à l'huile 120g";"sardines-anny-a-l-huile-120g.jpg"
"345";"Épicerie Salée & Conserves";"Sardines Anny au piment 120g";"sardines-anny-au-piment-120g.jpg"
"346";"Épicerie Salée & Conserves";"Sardines Anny à la tomate 120g";"sardines-anny-a-la-tomate-120g.jpg"
"347";"Épicerie Salée & Conserves";"Sardines Walima à l'huile 120g";"sardines-walima-a-l-huile-120g.jpg"
"348";"Épicerie Salée & Conserves";"Sardines Walima au piment 120g";"sardines-walima-au-piment-120g.jpg"
"349";"Épicerie Salée & Conserves";"Sardines Titus à l'huile 120g";"sardines-titus-a-l-huile-120g.jpg"
"350";"Épicerie Salée & Conserves";"Sardines Anny Grillées 120g (Lot de 3)";"sardines-anny-grillees-120g-lot-de-3.jpg"
"351";"Épicerie Salée & Conserves";"Maquereaux à la Sauce Tomate 120g";"maquereaux-a-la-sauce-tomate-120g.jpg"
"352";"Épicerie Salée & Conserves";"Crevettes Roses Décortiquées Surgelées 200g";"crevettes-roses-decortiquees-surgelees-200g.jpg"
"353";"Épicerie Salée & Conserves";"Champignons de Paris Entiers Boîte 400g";"champignons-de-paris-entiers-boite-400g.jpg"
"354";"Épicerie Salée & Conserves";"Champignons de Paris Émincés Boîte 400g";"champignons-de-paris-eminces-boite-400g.jpg"
"355";"Épicerie Salée & Conserves";"Maïs Doux Géant Boîte 300g (Lot de 2)";"mais-doux-geant-boite-300g-lot-de-2.jpg"
"356";"Épicerie Salée & Conserves";"Maïs Doux Bonduelle Boîte 300g (Lot de 3)";"mais-doux-bonduelle-boite-300g-lot-de-3.jpg"
"357";"Épicerie Salée & Conserves";"Petits Pois et Carottes Bonduelle 400g";"petits-pois-et-carottes-bonduelle-400g.jpg"
"358";"Épicerie Salée & Conserves";"Petits Pois Fins Bonduelle 400g";"petits-pois-fins-bonduelle-400g.jpg"
"359";"Épicerie Salée & Conserves";"Haricots Verts Beurre Bonduelle 400g";"haricots-verts-beurre-bonduelle-400g.jpg"
"360";"Épicerie Salée & Conserves";"Haricots Verts Mince Bonduelle 400g";"haricots-verts-mince-bonduelle-400g.jpg"
"361";"Épicerie Salée & Conserves";"Coeurs de Palmier Boîte 400g";"coeurs-de-palmier-boite-400g.jpg"
"362";"Épicerie Salée & Conserves";"Coeurs de Palmier Miniatures Boîte 230g";"coeurs-de-palmier-miniatures-boite-230g.jpg"
"363";"Épicerie Salée & Conserves";"Olives Vertes Dénoyautées Bocal 700g";"olives-vertes-denoyautees-bocal-700g.jpg"
"364";"Épicerie Salée & Conserves";"Olives Noires Dénoyautées Bocal 700g";"olives-noires-denoyautees-bocal-700g.jpg"
"365";"Épicerie Salée & Conserves";"Olives Violettes Farcies Poivron Bocal 700g";"olives-violettes-farcies-poivron-bocal-700g.jpg"
"366";"Épicerie Salée & Conserves";"Câpres Bocal 200g";"capres-bocal-200g.jpg"
"367";"Épicerie Salée & Conserves";"Cornichons Aigres-Doux Bocal 370g";"cornichons-aigres-doux-bocal-370g.jpg"
"368";"Épicerie Salée & Conserves";"Onions au Vinaigre Bocal 370g";"onions-au-vinaigre-bocal-370g.jpg"
"369";"Épicerie Salée & Conserves";"Lentilles Préparées Boîte 500g";"lentilles-preparees-boite-500g.jpg"
"370";"Épicerie Salée & Conserves";"Pois Chiches Préparés Boîte 500g";"pois-chiches-prepares-boite-500g.jpg"
"371";"Épicerie Salée & Conserves";"Artichauts demi-fonds Bocal 380g";"artichauts-demi-fonds-bocal-380g.jpg"
"372";"Épicerie Salée & Conserves";"Poivrons Grillés à l'huile Bocal 480g";"poivrons-grilles-a-l-huile-bocal-480g.jpg"
"373";"Épicerie Salée & Conserves";"Tahini (Crème de Sésame) 500g";"tahini-creme-de-sesame-500g.jpg"
"374";"Épicerie Salée & Conserves";"Tahini (Crème de Sésame) 1kg";"tahini-creme-de-sesame-1kg.jpg"
"375";"Épicerie Salée & Conserves";"Pâte de Sésame Noire 500g";"pate-de-sesame-noire-500g.jpg"
"376";"Épicerie Salée & Conserves";"Mloukhia en Feuilles Séchées 200g";"mloukhia-en-feuilles-sechees-200g.jpg"
"377";"Épicerie Salée & Conserves";"Safran en Poudre (1g)";"safran-en-poudre-1g.jpg"
"378";"Épicerie Salée & Conserves";"Eau de Fleur d'Oranger Bocal 250ml";"eau-de-fleur-d-oranger-bocal-250ml.jpg"
"379";"Épicerie Salée & Conserves";"Eau de Rose Bocal 250ml";"eau-de-rose-bocal-250ml.jpg"
"380";"Épicerie Salée & Conserves";"Bicarbonate Alimentaire 200g";"bicarbonate-alimentaire-200g.jpg"
"381";"Épicerie Salée & Conserves";"Levure Chimique Sachet 10g";"levure-chimique-sachet-10g.jpg"
"382";"Épicerie Salée & Conserves";"Levure de Boulanger Séchée 500g";"levure-de-boulanger-sechee-500g.jpg"
"383";"Épicerie Salée & Conserves";"Gélatine Alimentaire Sachet 10g";"gelatine-alimentaire-sachet-10g.jpg"
"384";"Charcuterie Halal";"Cacher (Jambon) de Dinde Koutoubia 200g";"cacher-jambon-de-dinde-koutoubia-200g.jpg"
"385";"Charcuterie Halal";"Cacher de Bœuf Koutoubia 200g";"cacher-de-b-uf-koutoubia-200g.jpg"
"386";"Charcuterie Halal";"Cacher aux Olives Dinde Koutoubia 200g";"cacher-aux-olives-dinde-koutoubia-200g.jpg"
"387";"Charcuterie Halal";"Cacher aux Poivrons Dinde Koutoubia 200g";"cacher-aux-poivrons-dinde-koutoubia-200g.jpg"
"388";"Charcuterie Halal";"Cacher (Jambon) de Dinde Koutoubia 400g";"cacher-jambon-de-dinde-koutoubia-400g.jpg"
"389";"Charcuterie Halal";"Cacher de Bœuf Koutoubia 400g";"cacher-de-b-uf-koutoubia-400g.jpg"
"390";"Charcuterie Halal";"Cacher aux Olives Dinde Koutoubia 400g";"cacher-aux-olives-dinde-koutoubia-400g.jpg"
"391";"Charcuterie Halal";"Cacher aux Poivrons Dinde Koutoubia 400g";"cacher-aux-poivrons-dinde-koutoubia-400g.jpg"
"392";"Charcuterie Halal";"Cacher (Jambon) de Dinde Koutoubia 1kg";"cacher-jambon-de-dinde-koutoubia-1kg.jpg"
"393";"Charcuterie Halal";"Cacher de Bœuf Koutoubia 1kg";"cacher-de-b-uf-koutoubia-1kg.jpg"
"394";"Charcuterie Halal";"Cacher aux Olives Dinde Koutoubia 1kg";"cacher-aux-olives-dinde-koutoubia-1kg.jpg"
"395";"Charcuterie Halal";"Cacher aux Poivrons Dinde Koutoubia 1kg";"cacher-aux-poivrons-dinde-koutoubia-1kg.jpg"
"396";"Charcuterie Halal";"Cacher (Jambon) de Dinde Alfassia 200g";"cacher-jambon-de-dinde-alfassia-200g.jpg"
"397";"Charcuterie Halal";"Cacher de Bœuf Alfassia 200g";"cacher-de-b-uf-alfassia-200g.jpg"
"398";"Charcuterie Halal";"Cacher aux Olives Dinde Alfassia 200g";"cacher-aux-olives-dinde-alfassia-200g.jpg"
"399";"Charcuterie Halal";"Cacher aux Poivrons Dinde Alfassia 200g";"cacher-aux-poivrons-dinde-alfassia-200g.jpg"
"400";"Charcuterie Halal";"Cacher (Jambon) de Dinde Alfassia 400g";"cacher-jambon-de-dinde-alfassia-400g.jpg"
"401";"Charcuterie Halal";"Cacher de Bœuf Alfassia 400g";"cacher-de-b-uf-alfassia-400g.jpg"
"402";"Charcuterie Halal";"Cacher aux Olives Dinde Alfassia 400g";"cacher-aux-olives-dinde-alfassia-400g.jpg"
"403";"Charcuterie Halal";"Cacher aux Poivrons Dinde Alfassia 400g";"cacher-aux-poivrons-dinde-alfassia-400g.jpg"
"404";"Charcuterie Halal";"Cacher (Jambon) de Dinde Alfassia 1kg";"cacher-jambon-de-dinde-alfassia-1kg.jpg"
"405";"Charcuterie Halal";"Cacher de Bœuf Alfassia 1kg";"cacher-de-b-uf-alfassia-1kg.jpg"
"406";"Charcuterie Halal";"Cacher aux Olives Dinde Alfassia 1kg";"cacher-aux-olives-dinde-alfassia-1kg.jpg"
"407";"Charcuterie Halal";"Cacher aux Poivrons Dinde Alfassia 1kg";"cacher-aux-poivrons-dinde-alfassia-1kg.jpg"
"408";"Charcuterie Halal";"Cacher (Jambon) de Dinde Dinar 200g";"cacher-jambon-de-dinde-dinar-200g.jpg"
"409";"Charcuterie Halal";"Cacher de Bœuf Dinar 200g";"cacher-de-b-uf-dinar-200g.jpg"
"410";"Charcuterie Halal";"Cacher aux Olives Dinde Dinar 200g";"cacher-aux-olives-dinde-dinar-200g.jpg"
"411";"Charcuterie Halal";"Cacher aux Poivrons Dinde Dinar 200g";"cacher-aux-poivrons-dinde-dinar-200g.jpg"
"412";"Charcuterie Halal";"Cacher (Jambon) de Dinde Dinar 400g";"cacher-jambon-de-dinde-dinar-400g.jpg"
"413";"Charcuterie Halal";"Cacher de Bœuf Dinar 400g";"cacher-de-b-uf-dinar-400g.jpg"
"414";"Charcuterie Halal";"Cacher aux Olives Dinde Dinar 400g";"cacher-aux-olives-dinde-dinar-400g.jpg"
"415";"Charcuterie Halal";"Cacher aux Poivrons Dinde Dinar 400g";"cacher-aux-poivrons-dinde-dinar-400g.jpg"
"416";"Charcuterie Halal";"Cacher (Jambon) de Dinde Dinar 1kg";"cacher-jambon-de-dinde-dinar-1kg.jpg"
"417";"Charcuterie Halal";"Cacher de Bœuf Dinar 1kg";"cacher-de-b-uf-dinar-1kg.jpg"
"418";"Charcuterie Halal";"Cacher aux Olives Dinde Dinar 1kg";"cacher-aux-olives-dinde-dinar-1kg.jpg"
"419";"Charcuterie Halal";"Cacher aux Poivrons Dinde Dinar 1kg";"cacher-aux-poivrons-dinde-dinar-1kg.jpg"
"420";"Charcuterie Halal";"Cacher (Jambon) de Dinde Isla Mondial 200g";"cacher-jambon-de-dinde-isla-mondial-200g.jpg"
"421";"Charcuterie Halal";"Cacher de Bœuf Isla Mondial 200g";"cacher-de-b-uf-isla-mondial-200g.jpg"
"422";"Charcuterie Halal";"Cacher aux Olives Dinde Isla Mondial 200g";"cacher-aux-olives-dinde-isla-mondial-200g.jpg"
"423";"Charcuterie Halal";"Cacher aux Poivrons Dinde Isla Mondial 200g";"cacher-aux-poivrons-dinde-isla-mondial-200g.jpg"
"424";"Charcuterie Halal";"Cacher (Jambon) de Dinde Isla Mondial 400g";"cacher-jambon-de-dinde-isla-mondial-400g.jpg"
"425";"Charcuterie Halal";"Cacher de Bœuf Isla Mondial 400g";"cacher-de-b-uf-isla-mondial-400g.jpg"
"426";"Charcuterie Halal";"Cacher aux Olives Dinde Isla Mondial 400g";"cacher-aux-olives-dinde-isla-mondial-400g.jpg"
"427";"Charcuterie Halal";"Cacher aux Poivrons Dinde Isla Mondial 400g";"cacher-aux-poivrons-dinde-isla-mondial-400g.jpg"
"428";"Charcuterie Halal";"Cacher (Jambon) de Dinde Isla Mondial 1kg";"cacher-jambon-de-dinde-isla-mondial-1kg.jpg"
"429";"Charcuterie Halal";"Cacher de Bœuf Isla Mondial 1kg";"cacher-de-b-uf-isla-mondial-1kg.jpg"
"430";"Charcuterie Halal";"Cacher aux Olives Dinde Isla Mondial 1kg";"cacher-aux-olives-dinde-isla-mondial-1kg.jpg"
"431";"Charcuterie Halal";"Cacher aux Poivrons Dinde Isla Mondial 1kg";"cacher-aux-poivrons-dinde-isla-mondial-1kg.jpg"
"432";"Charcuterie Halal";"Salami de Dinde Tranché Koutoubia 200g";"salami-de-dinde-tranche-koutoubia-200g.jpg"
"433";"Charcuterie Halal";"Salami de Bœuf Tranché Koutoubia 200g";"salami-de-b-uf-tranche-koutoubia-200g.jpg"
"434";"Charcuterie Halal";"Mortadelle Supérieure Classique Koutoubia 200g";"mortadelle-superieure-classique-koutoubia-200g.jpg"
"435";"Charcuterie Halal";"Mortadelle aux Olives Koutoubia 200g";"mortadelle-aux-olives-koutoubia-200g.jpg"
"436";"Charcuterie Halal";"Mortadelle aux Piments Koutoubia 200g";"mortadelle-aux-piments-koutoubia-200g.jpg"
"437";"Charcuterie Halal";"Mortadelle aux Pistaches Koutoubia 200g";"mortadelle-aux-pistaches-koutoubia-200g.jpg"
"438";"Charcuterie Halal";"Blanc de Dinde Fumé Tranché Koutoubia 200g";"blanc-de-dinde-fume-tranche-koutoubia-200g.jpg"
"439";"Charcuterie Halal";"Bacon de Dinde Fumé Tranché Koutoubia 200g";"bacon-de-dinde-fume-tranche-koutoubia-200g.jpg"
"440";"Charcuterie Halal";"Salami de Dinde Tranché Alfassia 200g";"salami-de-dinde-tranche-alfassia-200g.jpg"
"441";"Charcuterie Halal";"Salami de Bœuf Tranché Alfassia 200g";"salami-de-b-uf-tranche-alfassia-200g.jpg"
"442";"Charcuterie Halal";"Mortadelle Supérieure Classique Alfassia 200g";"mortadelle-superieure-classique-alfassia-200g.jpg"
"443";"Charcuterie Halal";"Mortadelle aux Olives Alfassia 200g";"mortadelle-aux-olives-alfassia-200g.jpg"
"444";"Charcuterie Halal";"Mortadelle aux Piments Alfassia 200g";"mortadelle-aux-piments-alfassia-200g.jpg"
"445";"Charcuterie Halal";"Mortadelle aux Pistaches Alfassia 200g";"mortadelle-aux-pistaches-alfassia-200g.jpg"
"446";"Charcuterie Halal";"Blanc de Dinde Fumé Tranché Alfassia 200g";"blanc-de-dinde-fume-tranche-alfassia-200g.jpg"
"447";"Charcuterie Halal";"Bacon de Dinde Fumé Tranché Alfassia 200g";"bacon-de-dinde-fume-tranche-alfassia-200g.jpg"
"448";"Charcuterie Halal";"Salami de Dinde Tranché Dinar 200g";"salami-de-dinde-tranche-dinar-200g.jpg"
"449";"Charcuterie Halal";"Salami de Bœuf Tranché Dinar 200g";"salami-de-b-uf-tranche-dinar-200g.jpg"
"450";"Charcuterie Halal";"Mortadelle Supérieure Classique Dinar 200g";"mortadelle-superieure-classique-dinar-200g.jpg"
"451";"Charcuterie Halal";"Mortadelle aux Olives Dinar 200g";"mortadelle-aux-olives-dinar-200g.jpg"
"452";"Charcuterie Halal";"Mortadelle aux Piments Dinar 200g";"mortadelle-aux-piments-dinar-200g.jpg"
"453";"Charcuterie Halal";"Mortadelle aux Pistaches Dinar 200g";"mortadelle-aux-pistaches-dinar-200g.jpg"
"454";"Charcuterie Halal";"Blanc de Dinde Fumé Tranché Dinar 200g";"blanc-de-dinde-fume-tranche-dinar-200g.jpg"
"455";"Charcuterie Halal";"Bacon de Dinde Fumé Tranché Dinar 200g";"bacon-de-dinde-fume-tranche-dinar-200g.jpg"
"456";"Charcuterie Halal";"Salami de Dinde Tranché Isla Mondial 200g";"salami-de-dinde-tranche-isla-mondial-200g.jpg"
"457";"Charcuterie Halal";"Salami de Bœuf Tranché Isla Mondial 200g";"salami-de-b-uf-tranche-isla-mondial-200g.jpg"
"458";"Charcuterie Halal";"Mortadelle Supérieure Classique Isla Mondial 200g";"mortadelle-superieure-classique-isla-mondial-200g.jpg"
"459";"Charcuterie Halal";"Mortadelle aux Olives Isla Mondial 200g";"mortadelle-aux-olives-isla-mondial-200g.jpg"
"460";"Charcuterie Halal";"Mortadelle aux Piments Isla Mondial 200g";"mortadelle-aux-piments-isla-mondial-200g.jpg"
"461";"Charcuterie Halal";"Mortadelle aux Pistaches Isla Mondial 200g";"mortadelle-aux-pistaches-isla-mondial-200g.jpg"
"462";"Charcuterie Halal";"Blanc de Dinde Fumé Tranché Isla Mondial 200g";"blanc-de-dinde-fume-tranche-isla-mondial-200g.jpg"
"463";"Charcuterie Halal";"Bacon de Dinde Fumé Tranché Isla Mondial 200g";"bacon-de-dinde-fume-tranche-isla-mondial-200g.jpg"
"464";"Charcuterie Halal";"Merguez de Bœuf Barquette 500g";"merguez-de-b-uf-barquette-500g.jpg"
"465";"Charcuterie Halal";"Merguez de Bœuf Barquette 1kg";"merguez-de-b-uf-barquette-1kg.jpg"
"466";"Charcuterie Halal";"Saucisses de Dinde Barquette 500g";"saucisses-de-dinde-barquette-500g.jpg"
"467";"Charcuterie Halal";"Kefta de Bœuf Préparé Barquette 500g";"kefta-de-b-uf-prepare-barquette-500g.jpg"
"468";"Charcuterie Halal";"Rôti de Dinde Cuit Entier 1kg";"roti-de-dinde-cuit-entier-1kg.jpg"
"469";"Charcuterie Halal";"Pâté de Dinde Cuisiné 200g";"pate-de-dinde-cuisine-200g.jpg"
"470";"Charcuterie Halal";"Terrine Campagnarde 200g";"terrine-campagnarde-200g.jpg"
"471";"Bébé & Puériculture";"Couches Pampers Active Baby Taille 1 (Paquet x44)";"couches-pampers-active-baby-taille-1-paquet-x44.jpg"
"472";"Bébé & Puériculture";"Couches Pampers Active Baby Taille 1 (Méga Pack x88)";"couches-pampers-active-baby-taille-1-mega-pack-x88.jpg"
"473";"Bébé & Puériculture";"Couches Pampers Baby-Dry Taille 1 (Paquet x46)";"couches-pampers-baby-dry-taille-1-paquet-x46.jpg"
"474";"Bébé & Puériculture";"Couches Pampers Active Baby Taille 2 (Paquet x44)";"couches-pampers-active-baby-taille-2-paquet-x44.jpg"
"475";"Bébé & Puériculture";"Couches Pampers Active Baby Taille 2 (Méga Pack x88)";"couches-pampers-active-baby-taille-2-mega-pack-x88.jpg"
"476";"Bébé & Puériculture";"Couches Pampers Baby-Dry Taille 2 (Paquet x46)";"couches-pampers-baby-dry-taille-2-paquet-x46.jpg"
"477";"Bébé & Puériculture";"Couches Pampers Active Baby Taille 3 (Paquet x44)";"couches-pampers-active-baby-taille-3-paquet-x44.jpg"
"478";"Bébé & Puériculture";"Couches Pampers Active Baby Taille 3 (Méga Pack x88)";"couches-pampers-active-baby-taille-3-mega-pack-x88.jpg"
"479";"Bébé & Puériculture";"Couches Pampers Baby-Dry Taille 3 (Paquet x46)";"couches-pampers-baby-dry-taille-3-paquet-x46.jpg"
"480";"Bébé & Puériculture";"Couches Pampers Active Baby Taille 4 (Paquet x44)";"couches-pampers-active-baby-taille-4-paquet-x44.jpg"
"481";"Bébé & Puériculture";"Couches Pampers Active Baby Taille 4 (Méga Pack x88)";"couches-pampers-active-baby-taille-4-mega-pack-x88.jpg"
"482";"Bébé & Puériculture";"Couches Pampers Baby-Dry Taille 4 (Paquet x46)";"couches-pampers-baby-dry-taille-4-paquet-x46.jpg"
"483";"Bébé & Puériculture";"Couches Pampers Active Baby Taille 5 (Paquet x44)";"couches-pampers-active-baby-taille-5-paquet-x44.jpg"
"484";"Bébé & Puériculture";"Couches Pampers Active Baby Taille 5 (Méga Pack x88)";"couches-pampers-active-baby-taille-5-mega-pack-x88.jpg"
"485";"Bébé & Puériculture";"Couches Pampers Baby-Dry Taille 5 (Paquet x46)";"couches-pampers-baby-dry-taille-5-paquet-x46.jpg"
"486";"Bébé & Puériculture";"Couches Pampers Active Baby Taille 6 (Paquet x44)";"couches-pampers-active-baby-taille-6-paquet-x44.jpg"
"487";"Bébé & Puériculture";"Couches Pampers Active Baby Taille 6 (Méga Pack x88)";"couches-pampers-active-baby-taille-6-mega-pack-x88.jpg"
"488";"Bébé & Puériculture";"Couches Pampers Baby-Dry Taille 6 (Paquet x46)";"couches-pampers-baby-dry-taille-6-paquet-x46.jpg"
"489";"Bébé & Puériculture";"Couches Huggies Ultra Taille 1 (Paquet x42)";"couches-huggies-ultra-taille-1-paquet-x42.jpg"
"490";"Bébé & Puériculture";"Couches Huggies Ultra Taille 2 (Paquet x42)";"couches-huggies-ultra-taille-2-paquet-x42.jpg"
"491";"Bébé & Puériculture";"Couches Huggies Ultra Taille 3 (Paquet x42)";"couches-huggies-ultra-taille-3-paquet-x42.jpg"
"492";"Bébé & Puériculture";"Couches Huggies Ultra Taille 4 (Paquet x42)";"couches-huggies-ultra-taille-4-paquet-x42.jpg"
"493";"Bébé & Puériculture";"Couches Huggies Ultra Taille 5 (Paquet x42)";"couches-huggies-ultra-taille-5-paquet-x42.jpg"
"494";"Bébé & Puériculture";"Couches Huggies Ultra Taille 6 (Paquet x42)";"couches-huggies-ultra-taille-6-paquet-x42.jpg"
"495";"Bébé & Puériculture";"Couches Dalaa Taille 1 (Paquet x48)";"couches-dalaa-taille-1-paquet-x48.jpg"
"496";"Bébé & Puériculture";"Couches Molped Taille 1 (Paquet x48)";"couches-molped-taille-1-paquet-x48.jpg"
"497";"Bébé & Puériculture";"Couches Babylino Taille 1 (Paquet x48)";"couches-babylino-taille-1-paquet-x48.jpg"
"498";"Bébé & Puériculture";"Couches Dalaa Taille 2 (Paquet x48)";"couches-dalaa-taille-2-paquet-x48.jpg"
"499";"Bébé & Puériculture";"Couches Molped Taille 2 (Paquet x48)";"couches-molped-taille-2-paquet-x48.jpg"
"500";"Bébé & Puériculture";"Couches Babylino Taille 2 (Paquet x48)";"couches-babylino-taille-2-paquet-x48.jpg"
"501";"Bébé & Puériculture";"Couches Dalaa Taille 3 (Paquet x48)";"couches-dalaa-taille-3-paquet-x48.jpg"
"502";"Bébé & Puériculture";"Couches Molped Taille 3 (Paquet x48)";"couches-molped-taille-3-paquet-x48.jpg"
"503";"Bébé & Puériculture";"Couches Babylino Taille 3 (Paquet x48)";"couches-babylino-taille-3-paquet-x48.jpg"
"504";"Bébé & Puériculture";"Couches Dalaa Taille 4 (Paquet x48)";"couches-dalaa-taille-4-paquet-x48.jpg"
"505";"Bébé & Puériculture";"Couches Molped Taille 4 (Paquet x48)";"couches-molped-taille-4-paquet-x48.jpg"
"506";"Bébé & Puériculture";"Couches Babylino Taille 4 (Paquet x48)";"couches-babylino-taille-4-paquet-x48.jpg"
"507";"Bébé & Puériculture";"Couches Dalaa Taille 5 (Paquet x48)";"couches-dalaa-taille-5-paquet-x48.jpg"
"508";"Bébé & Puériculture";"Couches Molped Taille 5 (Paquet x48)";"couches-molped-taille-5-paquet-x48.jpg"
"509";"Bébé & Puériculture";"Couches Babylino Taille 5 (Paquet x48)";"couches-babylino-taille-5-paquet-x48.jpg"
"510";"Bébé & Puériculture";"Couches Dalaa Taille 6 (Paquet x48)";"couches-dalaa-taille-6-paquet-x48.jpg"
"511";"Bébé & Puériculture";"Couches Molped Taille 6 (Paquet x48)";"couches-molped-taille-6-paquet-x48.jpg"
"512";"Bébé & Puériculture";"Couches Babylino Taille 6 (Paquet x48)";"couches-babylino-taille-6-paquet-x48.jpg"
"513";"Bébé & Puériculture";"Couches de Bain Pampers Splashers Taille 3-4 (Paquet x12)";"couches-de-bain-pampers-splashers-taille-3-4-paquet-x12.jpg"
"514";"Bébé & Puériculture";"Couches de Bain Huggies Little Swimmers Taille 3-4 (x12)";"couches-de-bain-huggies-little-swimmers-taille-3-4-x12.jpg"
"515";"Bébé & Puériculture";"Lingettes Bébé Douceur Paquet x56";"lingettes-bebe-douceur-paquet-x56.jpg"
"516";"Bébé & Puériculture";"Lingettes Bébé Douceur Paquet x72";"lingettes-bebe-douceur-paquet-x72.jpg"
"517";"Bébé & Puériculture";"Lingettes Pampers Sensitive Paquet x56";"lingettes-pampers-sensitive-paquet-x56.jpg"
"518";"Bébé & Puériculture";"Lingettes Pampers Sensitive Paquet x72";"lingettes-pampers-sensitive-paquet-x72.jpg"
"519";"Bébé & Puériculture";"Lingettes Pampers Paquet x72 (Lot de 3)";"lingettes-pampers-paquet-x72-lot-de-3.jpg"
"520";"Bébé & Puériculture";"Lingettes Huggies Natural Paquet x56";"lingettes-huggies-natural-paquet-x56.jpg"
"521";"Bébé & Puériculture";"Lingettes Bébé Eau Pure Paquet x64";"lingettes-bebe-eau-pure-paquet-x64.jpg"
"522";"Bébé & Puériculture";"Lait 1er Âge Guigoz 800g";"lait-1er-age-guigoz-800g.jpg"
"523";"Bébé & Puériculture";"Lait 2ème Âge Guigoz 800g";"lait-2eme-age-guigoz-800g.jpg"
"524";"Bébé & Puériculture";"Lait 3ème Âge Guigoz 800g";"lait-3eme-age-guigoz-800g.jpg"
"525";"Bébé & Puériculture";"Lait 1er Âge Novalac 800g";"lait-1er-age-novalac-800g.jpg"
"526";"Bébé & Puériculture";"Lait 2ème Âge Novalac 800g";"lait-2eme-age-novalac-800g.jpg"
"527";"Bébé & Puériculture";"Lait 1er Âge NAN Optipro 800g";"lait-1er-age-nan-optipro-800g.jpg"
"528";"Bébé & Puériculture";"Lait 2ème Âge NAN Optipro 800g";"lait-2eme-age-nan-optipro-800g.jpg"
"529";"Bébé & Puériculture";"Lait 3ème Âge NAN 800g";"lait-3eme-age-nan-800g.jpg"
"530";"Bébé & Puériculture";"Lait 1er Âge Gallia 800g";"lait-1er-age-gallia-800g.jpg"
"531";"Bébé & Puériculture";"Lait 2ème Âge Gallia 800g";"lait-2eme-age-gallia-800g.jpg"
"532";"Bébé & Puériculture";"Lait Anti-Régurgitation Novalac AR 800g";"lait-anti-regurgitation-novalac-ar-800g.jpg"
"533";"Bébé & Puériculture";"Lait Confort Novalac Coliques 800g";"lait-confort-novalac-coliques-800g.jpg"
"534";"Bébé & Puériculture";"Farine Lactée Nestlé Cerelac Biscuit 400g";"farine-lactee-nestle-cerelac-biscuit-400g.jpg"
"535";"Bébé & Puériculture";"Farine Lactée Nestlé Cerelac Biscuit 1kg";"farine-lactee-nestle-cerelac-biscuit-1kg.jpg"
"536";"Bébé & Puériculture";"Farine Lactée Nestlé Cerelac Miel 400g";"farine-lactee-nestle-cerelac-miel-400g.jpg"
"537";"Bébé & Puériculture";"Farine Lactée Nestlé Cerelac Miel 1kg";"farine-lactee-nestle-cerelac-miel-1kg.jpg"
"538";"Bébé & Puériculture";"Farine Lactée Nestlé Cerelac Blé 400g";"farine-lactee-nestle-cerelac-ble-400g.jpg"
"539";"Bébé & Puériculture";"Farine Lactée Nestlé Cerelac Blé 1kg";"farine-lactee-nestle-cerelac-ble-1kg.jpg"
"540";"Bébé & Puériculture";"Farine Lactée Nestlé Cerelac 5 Céréales 400g";"farine-lactee-nestle-cerelac-5-cereales-400g.jpg"
"541";"Bébé & Puériculture";"Farine Lactée Nestlé Cerelac 5 Céréales 1kg";"farine-lactee-nestle-cerelac-5-cereales-1kg.jpg"
"542";"Bébé & Puériculture";"Farine Lactée Nestlé Cerelac Fruits 400g";"farine-lactee-nestle-cerelac-fruits-400g.jpg"
"543";"Bébé & Puériculture";"Farine Lactée Nestlé Cerelac Fruits 1kg";"farine-lactee-nestle-cerelac-fruits-1kg.jpg"
"544";"Bébé & Puériculture";"Petit Pot Bébé Nestlé Pomme 130g";"petit-pot-bebe-nestle-pomme-130g.jpg"
"545";"Bébé & Puériculture";"Petit Pot Bébé Guigoz Pomme 130g";"petit-pot-bebe-guigoz-pomme-130g.jpg"
"546";"Bébé & Puériculture";"Petit Pot Bébé Nestlé Poire 130g";"petit-pot-bebe-nestle-poire-130g.jpg"
"547";"Bébé & Puériculture";"Petit Pot Bébé Guigoz Poire 130g";"petit-pot-bebe-guigoz-poire-130g.jpg"
"548";"Bébé & Puériculture";"Petit Pot Bébé Nestlé Pêche 130g";"petit-pot-bebe-nestle-peche-130g.jpg"
"549";"Bébé & Puériculture";"Petit Pot Bébé Guigoz Pêche 130g";"petit-pot-bebe-guigoz-peche-130g.jpg"
"550";"Bébé & Puériculture";"Petit Pot Bébé Nestlé Carottes 130g";"petit-pot-bebe-nestle-carottes-130g.jpg"
"551";"Bébé & Puériculture";"Petit Pot Bébé Guigoz Carottes 130g";"petit-pot-bebe-guigoz-carottes-130g.jpg"
"552";"Bébé & Puériculture";"Petit Pot Bébé Nestlé Petits Pois 130g";"petit-pot-bebe-nestle-petits-pois-130g.jpg"
"553";"Bébé & Puériculture";"Petit Pot Bébé Guigoz Petits Pois 130g";"petit-pot-bebe-guigoz-petits-pois-130g.jpg"
"554";"Bébé & Puériculture";"Petit Pot Bébé Nestlé Poulet Légumes 130g";"petit-pot-bebe-nestle-poulet-legumes-130g.jpg"
"555";"Bébé & Puériculture";"Petit Pot Bébé Guigoz Poulet Légumes 130g";"petit-pot-bebe-guigoz-poulet-legumes-130g.jpg"
"556";"Bébé & Puériculture";"Petit Pot Bébé Nestlé Bœuf Légumes 130g";"petit-pot-bebe-nestle-b-uf-legumes-130g.jpg"
"557";"Bébé & Puériculture";"Petit Pot Bébé Guigoz Bœuf Légumes 130g";"petit-pot-bebe-guigoz-b-uf-legumes-130g.jpg"
"558";"Bébé & Puériculture";"Lait de Toilette Bébé Johnson's 500ml";"lait-de-toilette-bebe-johnson-s-500ml.jpg"
"559";"Bébé & Puériculture";"Shampooing Doux Bébé Johnson's 500ml";"shampooing-doux-bebe-johnson-s-500ml.jpg"
"560";"Bébé & Puériculture";"Gel Lavant Corps & Cheveux Johnson's 500ml";"gel-lavant-corps-cheveux-johnson-s-500ml.jpg"
"561";"Bébé & Puériculture";"Shampooing Doux Mustela Bébé 500ml";"shampooing-doux-mustela-bebe-500ml.jpg"
"562";"Bébé & Puériculture";"Gel Lavant Mustela à l'Avocat 500ml";"gel-lavant-mustela-a-l-avocat-500ml.jpg"
"563";"Bébé & Puériculture";"Crème Change Mustela 123 100ml";"creme-change-mustela-123-100ml.jpg"
"564";"Bébé & Puériculture";"Crème Change Bébé 1-2-3 100g";"creme-change-bebe-1-2-3-100g.jpg"
"565";"Bébé & Puériculture";"Talc Bébé Johnson's 400g";"talc-bebe-johnson-s-400g.jpg"
"566";"Bébé & Puériculture";"Talc Bébé Naturel 400g";"talc-bebe-naturel-400g.jpg"
"567";"Bébé & Puériculture";"Huile de Massage Bébé 250ml";"huile-de-massage-bebe-250ml.jpg"
"568";"Bébé & Puériculture";"Biberon Nuk Anti-Colique 250ml";"biberon-nuk-anti-colique-250ml.jpg"
"569";"Bébé & Puériculture";"Biberon Nuk Anti-Colique 300ml";"biberon-nuk-anti-colique-300ml.jpg"
"570";"Bébé & Puériculture";"Tétine Nuk Taille 1 (Lot de 2)";"tetine-nuk-taille-1-lot-de-2.jpg"
"571";"Bébé & Puériculture";"Tétine Nuk Taille 2 (Lot de 2)";"tetine-nuk-taille-2-lot-de-2.jpg"
"572";"Bébé & Puériculture";"Aspirateur Nasal pour Bébé";"aspirateur-nasal-pour-bebe.jpg"
"573";"Bébé & Puériculture";"Thermomètre Baignoire Bébé";"thermometre-baignoire-bebe.jpg"
"574";"Bébé & Puériculture";"Thermomètre Frontal Infrarouge Bébé";"thermometre-frontal-infrarouge-bebe.jpg"
"575";"Bébé & Puériculture";"Brosse à Cheveux et Peigne Bébé";"brosse-a-cheveux-et-peigne-bebe.jpg"
"576";"Bébé & Puériculture";"Cotons-Tiges Bébé (Boîte x200)";"cotons-tiges-bebe-boite-x200.jpg"
"577";"Bébé & Puériculture";"Carrés de Coton Bébé (Paquet x100)";"carres-de-coton-bebe-paquet-x100.jpg"
"578";"Bébé & Puériculture";"Compresses Stériles x20";"compresses-steriles-x20.jpg"
"579";"Bébé & Puériculture";"Sucette Orthodontique (Lot de 2)";"sucette-orthodontique-lot-de-2.jpg"
"580";"Bébé & Puériculture";"Anneau de Dentition Réfrigérant";"anneau-de-dentition-refrigerant.jpg"
"581";"Boissons & Eaux";"Eau Minérale Sidi Ali 33cl (Pack x24)";"eau-minerale-sidi-ali-33cl-pack-x24.jpg"
"582";"Boissons & Eaux";"Eau Minérale Sidi Ali 50cl (Pack x24)";"eau-minerale-sidi-ali-50cl-pack-x24.jpg"
"583";"Boissons & Eaux";"Eau Minérale Sidi Ali 1.5L (Pack x6)";"eau-minerale-sidi-ali-1-5l-pack-x6.jpg"
"584";"Boissons & Eaux";"Eau Minérale Sidi Ali 5L";"eau-minerale-sidi-ali-5l.jpg"
"585";"Boissons & Eaux";"Eau Minérale Aïn Saïss 33cl (Pack x24)";"eau-minerale-ain-saiss-33cl-pack-x24.jpg"
"586";"Boissons & Eaux";"Eau Minérale Aïn Saïss 50cl (Pack x24)";"eau-minerale-ain-saiss-50cl-pack-x24.jpg"
"587";"Boissons & Eaux";"Eau Minérale Aïn Saïss 1.5L (Pack x6)";"eau-minerale-ain-saiss-1-5l-pack-x6.jpg"
"588";"Boissons & Eaux";"Eau Minérale Aïn Saïss 5L";"eau-minerale-ain-saiss-5l.jpg"
"589";"Boissons & Eaux";"Eau Minérale Bahia 33cl (Pack x24)";"eau-minerale-bahia-33cl-pack-x24.jpg"
"590";"Boissons & Eaux";"Eau Minérale Bahia 50cl (Pack x24)";"eau-minerale-bahia-50cl-pack-x24.jpg"
"591";"Boissons & Eaux";"Eau Minérale Bahia 1.5L (Pack x6)";"eau-minerale-bahia-1-5l-pack-x6.jpg"
"592";"Boissons & Eaux";"Eau Minérale Bahia 5L";"eau-minerale-bahia-5l.jpg"
"593";"Boissons & Eaux";"Eau Minérale Sidi Ali 1.5L (Unité)";"eau-minerale-sidi-ali-1-5l-unite.jpg"
"594";"Boissons & Eaux";"Eau Minérale Aïn Saïss 1.5L (Unité)";"eau-minerale-ain-saiss-1-5l-unite.jpg"
"595";"Boissons & Eaux";"Eau Minérale Bahia 1.5L (Unité)";"eau-minerale-bahia-1-5l-unite.jpg"
"596";"Boissons & Eaux";"Eau Gazeuse Oulmès 50cl";"eau-gazeuse-oulmes-50cl.jpg"
"597";"Boissons & Eaux";"Eau Gazeuse Oulmès 1L";"eau-gazeuse-oulmes-1l.jpg"
"598";"Boissons & Eaux";"Eau Gazeuse Oulmès 1L (Pack x6)";"eau-gazeuse-oulmes-1l-pack-x6.jpg"
"599";"Boissons & Eaux";"Eau Gazeuse San Pellegrino 50cl";"eau-gazeuse-san-pellegrino-50cl.jpg"
"600";"Boissons & Eaux";"Eau Pétillante Naturelle Badoit 50cl";"eau-petillante-naturelle-badoit-50cl.jpg"
"601";"Boissons & Eaux";"Coca-Cola Original Canette 33cl (Lot de 6)";"coca-cola-original-canette-33cl-lot-de-6.jpg"
"602";"Boissons & Eaux";"Coca-Cola Original Canette 33cl (Pack x24)";"coca-cola-original-canette-33cl-pack-x24.jpg"
"603";"Boissons & Eaux";"Coca-Cola Zero Canette 33cl (Lot de 6)";"coca-cola-zero-canette-33cl-lot-de-6.jpg"
"604";"Boissons & Eaux";"Coca-Cola Zero Canette 33cl (Pack x24)";"coca-cola-zero-canette-33cl-pack-x24.jpg"
"605";"Boissons & Eaux";"Coca-Cola Light Canette 33cl (Lot de 6)";"coca-cola-light-canette-33cl-lot-de-6.jpg"
"606";"Boissons & Eaux";"Coca-Cola Light Canette 33cl (Pack x24)";"coca-cola-light-canette-33cl-pack-x24.jpg"
"607";"Boissons & Eaux";"Coca-Cola Original Bouteille 1L";"coca-cola-original-bouteille-1l.jpg"
"608";"Boissons & Eaux";"Coca-Cola Zero Bouteille 1L";"coca-cola-zero-bouteille-1l.jpg"
"609";"Boissons & Eaux";"Fanta Orange Bouteille 1L";"fanta-orange-bouteille-1l.jpg"
"610";"Boissons & Eaux";"Fanta Citron Bouteille 1L";"fanta-citron-bouteille-1l.jpg"
"611";"Boissons & Eaux";"Sprite Bouteille 1L";"sprite-bouteille-1l.jpg"
"612";"Boissons & Eaux";"Orangina Bouteille 1L";"orangina-bouteille-1l.jpg"
"613";"Boissons & Eaux";"Schweppes Agrum' Bouteille 1L";"schweppes-agrum-bouteille-1l.jpg"
"614";"Boissons & Eaux";"Schweppes Tonic Bouteille 1L";"schweppes-tonic-bouteille-1l.jpg"
"615";"Boissons & Eaux";"Schweppes Lemon Bouteille 1L";"schweppes-lemon-bouteille-1l.jpg"
"616";"Boissons & Eaux";"Hawaï Ananas Bouteille 1L";"hawai-ananas-bouteille-1l.jpg"
"617";"Boissons & Eaux";"Pampsin Pamplemousse Bouteille 1L";"pampsin-pamplemousse-bouteille-1l.jpg"
"618";"Boissons & Eaux";"Mountain Dew Bouteille 1L";"mountain-dew-bouteille-1l.jpg"
"619";"Boissons & Eaux";"Coca-Cola Original Bouteille 1.5L";"coca-cola-original-bouteille-1-5l.jpg"
"620";"Boissons & Eaux";"Coca-Cola Zero Bouteille 1.5L";"coca-cola-zero-bouteille-1-5l.jpg"
"621";"Boissons & Eaux";"Fanta Orange Bouteille 1.5L";"fanta-orange-bouteille-1-5l.jpg"
"622";"Boissons & Eaux";"Fanta Citron Bouteille 1.5L";"fanta-citron-bouteille-1-5l.jpg"
"623";"Boissons & Eaux";"Sprite Bouteille 1.5L";"sprite-bouteille-1-5l.jpg"
"624";"Boissons & Eaux";"Orangina Bouteille 1.5L";"orangina-bouteille-1-5l.jpg"
"625";"Boissons & Eaux";"Schweppes Agrum' Bouteille 1.5L";"schweppes-agrum-bouteille-1-5l.jpg"
"626";"Boissons & Eaux";"Schweppes Tonic Bouteille 1.5L";"schweppes-tonic-bouteille-1-5l.jpg"
"627";"Boissons & Eaux";"Schweppes Lemon Bouteille 1.5L";"schweppes-lemon-bouteille-1-5l.jpg"
"628";"Boissons & Eaux";"Hawaï Ananas Bouteille 1.5L";"hawai-ananas-bouteille-1-5l.jpg"
"629";"Boissons & Eaux";"Pampsin Pamplemousse Bouteille 1.5L";"pampsin-pamplemousse-bouteille-1-5l.jpg"
"630";"Boissons & Eaux";"Mountain Dew Bouteille 1.5L";"mountain-dew-bouteille-1-5l.jpg"
"631";"Boissons & Eaux";"Coca-Cola Original Bouteille 2L";"coca-cola-original-bouteille-2l.jpg"
"632";"Boissons & Eaux";"Coca-Cola Zero Bouteille 2L";"coca-cola-zero-bouteille-2l.jpg"
"633";"Boissons & Eaux";"Fanta Orange Bouteille 2L";"fanta-orange-bouteille-2l.jpg"
"634";"Boissons & Eaux";"Fanta Citron Bouteille 2L";"fanta-citron-bouteille-2l.jpg"
"635";"Boissons & Eaux";"Sprite Bouteille 2L";"sprite-bouteille-2l.jpg"
"636";"Boissons & Eaux";"Orangina Bouteille 2L";"orangina-bouteille-2l.jpg"
"637";"Boissons & Eaux";"Schweppes Agrum' Bouteille 2L";"schweppes-agrum-bouteille-2l.jpg"
"638";"Boissons & Eaux";"Schweppes Tonic Bouteille 2L";"schweppes-tonic-bouteille-2l.jpg"
"639";"Boissons & Eaux";"Schweppes Lemon Bouteille 2L";"schweppes-lemon-bouteille-2l.jpg"
"640";"Boissons & Eaux";"Hawaï Ananas Bouteille 2L";"hawai-ananas-bouteille-2l.jpg"
"641";"Boissons & Eaux";"Pampsin Pamplemousse Bouteille 2L";"pampsin-pamplemousse-bouteille-2l.jpg"
"642";"Boissons & Eaux";"Mountain Dew Bouteille 2L";"mountain-dew-bouteille-2l.jpg"
"643";"Boissons & Eaux";"Fayrouz Ananas Bouteille 33cl";"fayrouz-ananas-bouteille-33cl.jpg"
"644";"Boissons & Eaux";"Fayrouz Pêche Bouteille 33cl";"fayrouz-peche-bouteille-33cl.jpg"
"645";"Boissons & Eaux";"Fayrouz Ananas 1L";"fayrouz-ananas-1l.jpg"
"646";"Boissons & Eaux";"Fayrouz Pêche 1L";"fayrouz-peche-1l.jpg"
"647";"Boissons & Eaux";"Boisson Tropicale Teisseire 1L";"boisson-tropicale-teisseire-1l.jpg"
"648";"Boissons & Eaux";"Jus Marrakech 100% Pressé Orange 1L";"jus-marrakech-100-presse-orange-1l.jpg"
"649";"Boissons & Eaux";"Nectar Marrakech Orange 1L";"nectar-marrakech-orange-1l.jpg"
"650";"Boissons & Eaux";"Jus Oasis Orange 1L";"jus-oasis-orange-1l.jpg"
"651";"Boissons & Eaux";"Jus Top Fruit Orange 1L";"jus-top-fruit-orange-1l.jpg"
"652";"Boissons & Eaux";"Jus Marrakech 100% Pressé Pomme 1L";"jus-marrakech-100-presse-pomme-1l.jpg"
"653";"Boissons & Eaux";"Nectar Marrakech Pomme 1L";"nectar-marrakech-pomme-1l.jpg"
"654";"Boissons & Eaux";"Jus Oasis Pomme 1L";"jus-oasis-pomme-1l.jpg"
"655";"Boissons & Eaux";"Jus Top Fruit Pomme 1L";"jus-top-fruit-pomme-1l.jpg"
"656";"Boissons & Eaux";"Jus Marrakech 100% Pressé Multivitaminé 1L";"jus-marrakech-100-presse-multivitamine-1l.jpg"
"657";"Boissons & Eaux";"Nectar Marrakech Multivitaminé 1L";"nectar-marrakech-multivitamine-1l.jpg"
"658";"Boissons & Eaux";"Jus Oasis Multivitaminé 1L";"jus-oasis-multivitamine-1l.jpg"
"659";"Boissons & Eaux";"Jus Top Fruit Multivitaminé 1L";"jus-top-fruit-multivitamine-1l.jpg"
"660";"Boissons & Eaux";"Jus Marrakech 100% Pressé Ananas 1L";"jus-marrakech-100-presse-ananas-1l.jpg"
"661";"Boissons & Eaux";"Nectar Marrakech Ananas 1L";"nectar-marrakech-ananas-1l.jpg"
"662";"Boissons & Eaux";"Jus Oasis Ananas 1L";"jus-oasis-ananas-1l.jpg"
"663";"Boissons & Eaux";"Jus Top Fruit Ananas 1L";"jus-top-fruit-ananas-1l.jpg"
"664";"Boissons & Eaux";"Jus Marrakech 100% Pressé Pamplemousse 1L";"jus-marrakech-100-presse-pamplemousse-1l.jpg"
"665";"Boissons & Eaux";"Nectar Marrakech Pamplemousse 1L";"nectar-marrakech-pamplemousse-1l.jpg"
"666";"Boissons & Eaux";"Jus Oasis Pamplemousse 1L";"jus-oasis-pamplemousse-1l.jpg"
"667";"Boissons & Eaux";"Jus Top Fruit Pamplemousse 1L";"jus-top-fruit-pamplemousse-1l.jpg"
"668";"Boissons & Eaux";"Jus Marrakech 100% Pressé Raisin 1L";"jus-marrakech-100-presse-raisin-1l.jpg"
"669";"Boissons & Eaux";"Nectar Marrakech Raisin 1L";"nectar-marrakech-raisin-1l.jpg"
"670";"Boissons & Eaux";"Jus Oasis Raisin 1L";"jus-oasis-raisin-1l.jpg"
"671";"Boissons & Eaux";"Jus Top Fruit Raisin 1L";"jus-top-fruit-raisin-1l.jpg"
"672";"Boissons & Eaux";"Jus Marrakech 100% Pressé Abricot 1L";"jus-marrakech-100-presse-abricot-1l.jpg"
"673";"Boissons & Eaux";"Nectar Marrakech Abricot 1L";"nectar-marrakech-abricot-1l.jpg"
"674";"Boissons & Eaux";"Jus Oasis Abricot 1L";"jus-oasis-abricot-1l.jpg"
"675";"Boissons & Eaux";"Jus Top Fruit Abricot 1L";"jus-top-fruit-abricot-1l.jpg"
"676";"Boissons & Eaux";"Jus Marrakech 100% Pressé Pêche 1L";"jus-marrakech-100-presse-peche-1l.jpg"
"677";"Boissons & Eaux";"Nectar Marrakech Pêche 1L";"nectar-marrakech-peche-1l.jpg"
"678";"Boissons & Eaux";"Jus Oasis Pêche 1L";"jus-oasis-peche-1l.jpg"
"679";"Boissons & Eaux";"Jus Top Fruit Pêche 1L";"jus-top-fruit-peche-1l.jpg"
"680";"Boissons & Eaux";"Jus Marrakech 100% Pressé Tomate 1L";"jus-marrakech-100-presse-tomate-1l.jpg"
"681";"Boissons & Eaux";"Nectar Marrakech Tomate 1L";"nectar-marrakech-tomate-1l.jpg"
"682";"Boissons & Eaux";"Jus Oasis Tomate 1L";"jus-oasis-tomate-1l.jpg"
"683";"Boissons & Eaux";"Jus Top Fruit Tomate 1L";"jus-top-fruit-tomate-1l.jpg"
"684";"Boissons & Eaux";"Jus Marrakech Orange Briquette 20cl (Pack x6)";"jus-marrakech-orange-briquette-20cl-pack-x6.jpg"
"685";"Boissons & Eaux";"Jus Marrakech Pomme Briquette 20cl (Pack x6)";"jus-marrakech-pomme-briquette-20cl-pack-x6.jpg"
"686";"Boissons & Eaux";"Jus Marrakech Multivitaminé Briquette 20cl (Pack x6)";"jus-marrakech-multivitamine-briquette-20cl-pack-x6.jpg"
"687";"Boissons & Eaux";"Lait UHT Chocolat Centrale Briquette 20cl (Pack x6)";"lait-uht-chocolat-centrale-briquette-20cl-pack-x6.jpg"
"688";"Boissons & Eaux";"Lait UHT Chocolat Jaouda Briquette 20cl (Pack x6)";"lait-uht-chocolat-jaouda-briquette-20cl-pack-x6.jpg"
"689";"Boissons & Eaux";"Lait UHT Fraise Jaouda Briquette 20cl (Pack x6)";"lait-uht-fraise-jaouda-briquette-20cl-pack-x6.jpg"
"690";"Boissons & Eaux";"Sirop de Menthe Teisseire 75cl";"sirop-de-menthe-teisseire-75cl.jpg"
"691";"Boissons & Eaux";"Sirop de Grenadine Teisseire 75cl";"sirop-de-grenadine-teisseire-75cl.jpg"
"692";"Boissons & Eaux";"Sirop d'Orange Teisseire 75cl";"sirop-d-orange-teisseire-75cl.jpg"
"693";"Boissons & Eaux";"Sirop Fraise Teisseire 75cl";"sirop-fraise-teisseire-75cl.jpg"
"694";"Boissons & Eaux";"Sirop Pamplemousse Rose Teisseire 75cl";"sirop-pamplemousse-rose-teisseire-75cl.jpg"
"695";"Boissons & Eaux";"Sirop de Chicorée Liquide 75cl";"sirop-de-chicoree-liquide-75cl.jpg"
"696";"Boissons & Eaux";"Limonade Lorina Citron 1L";"limonade-lorina-citron-1l.jpg"
"697";"Boissons & Eaux";"Ice Thé Pêche Lipton 1L";"ice-the-peche-lipton-1l.jpg"
"698";"Boissons & Eaux";"Ice Thé Citron Lipton 1L";"ice-the-citron-lipton-1l.jpg"
"699";"Boissons & Eaux";"Ice Thé Pêche Fuze Tea 1L";"ice-the-peche-fuze-tea-1l.jpg"
"700";"Boissons & Eaux";"Boisson Énergisante Red Bull 250ml";"boisson-energisante-red-bull-250ml.jpg"
"701";"Boissons & Eaux";"Boisson Énergisante Red Bull 250ml (Lot de 4)";"boisson-energisante-red-bull-250ml-lot-de-4.jpg"
"702";"Boissons & Eaux";"Boisson Énergisante Monster 500ml";"boisson-energisante-monster-500ml.jpg"
"703";"Boissons & Eaux";"Boisson Énergisante Burn 500ml";"boisson-energisante-burn-500ml.jpg"
"704";"Boissons & Eaux";"Starbucks Frappuccino Mocha 280ml";"starbucks-frappuccino-mocha-280ml.jpg"
"705";"Boissons & Eaux";"Starbucks Frappuccino Caramel 280ml";"starbucks-frappuccino-caramel-280ml.jpg"
"706";"Biscuits, Chocolats & Snacking";"Biscuit Bimo Merendina Chocolat (Paquet individuel)";"biscuit-bimo-merendina-chocolat-paquet-individuel.jpg"
"707";"Biscuits, Chocolats & Snacking";"Biscuit Bimo Merendina Chocolat (Paquet familial 250g)";"biscuit-bimo-merendina-chocolat-paquet-familial-250g.jpg"
"708";"Biscuits, Chocolats & Snacking";"Biscuit Bimo Merendina Chocolat (Grand format 500g)";"biscuit-bimo-merendina-chocolat-grand-format-500g.jpg"
"709";"Biscuits, Chocolats & Snacking";"Biscuit Bimo Merendina Fraise (Paquet individuel)";"biscuit-bimo-merendina-fraise-paquet-individuel.jpg"
"710";"Biscuits, Chocolats & Snacking";"Biscuit Bimo Merendina Fraise (Paquet familial 250g)";"biscuit-bimo-merendina-fraise-paquet-familial-250g.jpg"
"711";"Biscuits, Chocolats & Snacking";"Biscuit Bimo Merendina Fraise (Grand format 500g)";"biscuit-bimo-merendina-fraise-grand-format-500g.jpg"
"712";"Biscuits, Chocolats & Snacking";"Biscuit Bimo Merendina Vanille (Paquet individuel)";"biscuit-bimo-merendina-vanille-paquet-individuel.jpg"
"713";"Biscuits, Chocolats & Snacking";"Biscuit Bimo Merendina Vanille (Paquet familial 250g)";"biscuit-bimo-merendina-vanille-paquet-familial-250g.jpg"
"714";"Biscuits, Chocolats & Snacking";"Biscuit Bimo Merendina Vanille (Grand format 500g)";"biscuit-bimo-merendina-vanille-grand-format-500g.jpg"
"715";"Biscuits, Chocolats & Snacking";"Biscuit Bimo Timeout (Paquet individuel)";"biscuit-bimo-timeout-paquet-individuel.jpg"
"716";"Biscuits, Chocolats & Snacking";"Biscuit Bimo Timeout (Paquet familial 250g)";"biscuit-bimo-timeout-paquet-familial-250g.jpg"
"717";"Biscuits, Chocolats & Snacking";"Biscuit Bimo Timeout (Grand format 500g)";"biscuit-bimo-timeout-grand-format-500g.jpg"
"718";"Biscuits, Chocolats & Snacking";"Biscuit Bimo Tonik (Paquet individuel)";"biscuit-bimo-tonik-paquet-individuel.jpg"
"719";"Biscuits, Chocolats & Snacking";"Biscuit Bimo Tonik (Paquet familial 250g)";"biscuit-bimo-tonik-paquet-familial-250g.jpg"
"720";"Biscuits, Chocolats & Snacking";"Biscuit Bimo Tonik (Grand format 500g)";"biscuit-bimo-tonik-grand-format-500g.jpg"
"721";"Biscuits, Chocolats & Snacking";"Biscuit Bimo Krakatou (Paquet individuel)";"biscuit-bimo-krakatou-paquet-individuel.jpg"
"722";"Biscuits, Chocolats & Snacking";"Biscuit Bimo Krakatou (Paquet familial 250g)";"biscuit-bimo-krakatou-paquet-familial-250g.jpg"
"723";"Biscuits, Chocolats & Snacking";"Biscuit Bimo Krakatou (Grand format 500g)";"biscuit-bimo-krakatou-grand-format-500g.jpg"
"724";"Biscuits, Chocolats & Snacking";"Biscuit Bimo Golden (Paquet individuel)";"biscuit-bimo-golden-paquet-individuel.jpg"
"725";"Biscuits, Chocolats & Snacking";"Biscuit Bimo Golden (Paquet familial 250g)";"biscuit-bimo-golden-paquet-familial-250g.jpg"
"726";"Biscuits, Chocolats & Snacking";"Biscuit Bimo Golden (Grand format 500g)";"biscuit-bimo-golden-grand-format-500g.jpg"
"727";"Biscuits, Chocolats & Snacking";"Biscuit Bimo Golden Familial (Paquet individuel)";"biscuit-bimo-golden-familial-paquet-individuel.jpg"
"728";"Biscuits, Chocolats & Snacking";"Biscuit Bimo Golden Familial (Paquet familial 250g)";"biscuit-bimo-golden-familial-paquet-familial-250g.jpg"
"729";"Biscuits, Chocolats & Snacking";"Biscuit Bimo Golden Familial (Grand format 500g)";"biscuit-bimo-golden-familial-grand-format-500g.jpg"
"730";"Biscuits, Chocolats & Snacking";"Biscuit Bimo Pacha (Paquet individuel)";"biscuit-bimo-pacha-paquet-individuel.jpg"
"731";"Biscuits, Chocolats & Snacking";"Biscuit Bimo Pacha (Paquet familial 250g)";"biscuit-bimo-pacha-paquet-familial-250g.jpg"
"732";"Biscuits, Chocolats & Snacking";"Biscuit Bimo Pacha (Grand format 500g)";"biscuit-bimo-pacha-grand-format-500g.jpg"
"733";"Biscuits, Chocolats & Snacking";"Biscuit Bimo Panini (Paquet individuel)";"biscuit-bimo-panini-paquet-individuel.jpg"
"734";"Biscuits, Chocolats & Snacking";"Biscuit Bimo Panini (Paquet familial 250g)";"biscuit-bimo-panini-paquet-familial-250g.jpg"
"735";"Biscuits, Chocolats & Snacking";"Biscuit Bimo Panini (Grand format 500g)";"biscuit-bimo-panini-grand-format-500g.jpg"
"736";"Biscuits, Chocolats & Snacking";"Biscuit Bimo Tagger (Paquet individuel)";"biscuit-bimo-tagger-paquet-individuel.jpg"
"737";"Biscuits, Chocolats & Snacking";"Biscuit Bimo Tagger (Paquet familial 250g)";"biscuit-bimo-tagger-paquet-familial-250g.jpg"
"738";"Biscuits, Chocolats & Snacking";"Biscuit Bimo Tagger (Grand format 500g)";"biscuit-bimo-tagger-grand-format-500g.jpg"
"739";"Biscuits, Chocolats & Snacking";"Biscuit Bimo Mirienda (Paquet individuel)";"biscuit-bimo-mirienda-paquet-individuel.jpg"
"740";"Biscuits, Chocolats & Snacking";"Biscuit Bimo Mirienda (Paquet familial 250g)";"biscuit-bimo-mirienda-paquet-familial-250g.jpg"
"741";"Biscuits, Chocolats & Snacking";"Biscuit Bimo Mirienda (Grand format 500g)";"biscuit-bimo-mirienda-grand-format-500g.jpg"
"742";"Biscuits, Chocolats & Snacking";"Biscuit Bimo Petit Beurre (Paquet individuel)";"biscuit-bimo-petit-beurre-paquet-individuel.jpg"
"743";"Biscuits, Chocolats & Snacking";"Biscuit Bimo Petit Beurre (Paquet familial 250g)";"biscuit-bimo-petit-beurre-paquet-familial-250g.jpg"
"744";"Biscuits, Chocolats & Snacking";"Biscuit Bimo Petit Beurre (Grand format 500g)";"biscuit-bimo-petit-beurre-grand-format-500g.jpg"
"745";"Biscuits, Chocolats & Snacking";"Biscuit Bimo Maria (Paquet individuel)";"biscuit-bimo-maria-paquet-individuel.jpg"
"746";"Biscuits, Chocolats & Snacking";"Biscuit Bimo Maria (Paquet familial 250g)";"biscuit-bimo-maria-paquet-familial-250g.jpg"
"747";"Biscuits, Chocolats & Snacking";"Biscuit Bimo Maria (Grand format 500g)";"biscuit-bimo-maria-grand-format-500g.jpg"
"748";"Biscuits, Chocolats & Snacking";"Biscuit Bimo Spéculoos (Paquet individuel)";"biscuit-bimo-speculoos-paquet-individuel.jpg"
"749";"Biscuits, Chocolats & Snacking";"Biscuit Bimo Spéculoos (Paquet familial 250g)";"biscuit-bimo-speculoos-paquet-familial-250g.jpg"
"750";"Biscuits, Chocolats & Snacking";"Biscuit Bimo Spéculoos (Grand format 500g)";"biscuit-bimo-speculoos-grand-format-500g.jpg"
"751";"Biscuits, Chocolats & Snacking";"Biscuit Bimo Chocolatine (Paquet individuel)";"biscuit-bimo-chocolatine-paquet-individuel.jpg"
"752";"Biscuits, Chocolats & Snacking";"Biscuit Bimo Chocolatine (Paquet familial 250g)";"biscuit-bimo-chocolatine-paquet-familial-250g.jpg"
"753";"Biscuits, Chocolats & Snacking";"Biscuit Bimo Chocolatine (Grand format 500g)";"biscuit-bimo-chocolatine-grand-format-500g.jpg"
"754";"Biscuits, Chocolats & Snacking";"Biscuit Bimo Sable Chocolat (Paquet individuel)";"biscuit-bimo-sable-chocolat-paquet-individuel.jpg"
"755";"Biscuits, Chocolats & Snacking";"Biscuit Bimo Sable Chocolat (Paquet familial 250g)";"biscuit-bimo-sable-chocolat-paquet-familial-250g.jpg"
"756";"Biscuits, Chocolats & Snacking";"Biscuit Bimo Sable Chocolat (Grand format 500g)";"biscuit-bimo-sable-chocolat-grand-format-500g.jpg"
"757";"Biscuits, Chocolats & Snacking";"Biscuit Bimo Nappée Chocolat (Paquet individuel)";"biscuit-bimo-nappee-chocolat-paquet-individuel.jpg"
"758";"Biscuits, Chocolats & Snacking";"Biscuit Bimo Nappée Chocolat (Paquet familial 250g)";"biscuit-bimo-nappee-chocolat-paquet-familial-250g.jpg"
"759";"Biscuits, Chocolats & Snacking";"Biscuit Bimo Nappée Chocolat (Grand format 500g)";"biscuit-bimo-nappee-chocolat-grand-format-500g.jpg"
"760";"Biscuits, Chocolats & Snacking";"Cookies Casino Pépites de Chocolat 120g";"cookies-casino-pepites-de-chocolat-120g.jpg"
"761";"Biscuits, Chocolats & Snacking";"Cookies Casino Double Chocolat 120g";"cookies-casino-double-chocolat-120g.jpg"
"762";"Biscuits, Chocolats & Snacking";"Cookies Casino Pépites de Chocolat 300g";"cookies-casino-pepites-de-chocolat-300g.jpg"
"763";"Biscuits, Chocolats & Snacking";"Sablés Pur Beurre St Michel 200g";"sables-pur-beurre-st-michel-200g.jpg"
"764";"Biscuits, Chocolats & Snacking";"Sablés Pur Beurre Bimo 200g";"sables-pur-beurre-bimo-200g.jpg"
"765";"Biscuits, Chocolats & Snacking";"Sablés aux Pépites de Chocolat 200g";"sables-aux-pepites-de-chocolat-200g.jpg"
"766";"Biscuits, Chocolats & Snacking";"Madeleines St Michel Paquet x8";"madeleines-st-michel-paquet-x8.jpg"
"767";"Biscuits, Chocolats & Snacking";"Madeleines Mino Paquet x8";"madeleines-mino-paquet-x8.jpg"
"768";"Biscuits, Chocolats & Snacking";"Madeleines Coquilles St Michel Paquet x6";"madeleines-coquilles-st-michel-paquet-x6.jpg"
"769";"Biscuits, Chocolats & Snacking";"Financiers Noisettes Paquet x6";"financiers-noisettes-paquet-x6.jpg"
"770";"Biscuits, Chocolats & Snacking";"Cakes aux Fruits St Michel 300g";"cakes-aux-fruits-st-michel-300g.jpg"
"771";"Biscuits, Chocolats & Snacking";"Cake Marbré Chocolat 300g";"cake-marbre-chocolat-300g.jpg"
"772";"Biscuits, Chocolats & Snacking";"Gaufrettes Loacker Vanille Sachet 90g";"gaufrettes-loacker-vanille-sachet-90g.jpg"
"773";"Biscuits, Chocolats & Snacking";"Gaufrettes Loacker Noisette Sachet 90g";"gaufrettes-loacker-noisette-sachet-90g.jpg"
"774";"Biscuits, Chocolats & Snacking";"Gaufrettes Loacker Cacao Sachet 90g";"gaufrettes-loacker-cacao-sachet-90g.jpg"
"775";"Biscuits, Chocolats & Snacking";"Gaufrettes Ulker Chocolat Sachet 90g";"gaufrettes-ulker-chocolat-sachet-90g.jpg"
"776";"Biscuits, Chocolats & Snacking";"Gaufrettes Ulker Vanille Sachet 90g";"gaufrettes-ulker-vanille-sachet-90g.jpg"
"777";"Biscuits, Chocolats & Snacking";"Gaufrettes Fourrés Chocolat Bimo Sachet 150g";"gaufrettes-fourres-chocolat-bimo-sachet-150g.jpg"
"778";"Biscuits, Chocolats & Snacking";"Barre Céréale Saine Chocolat Noir (x1)";"barre-cereale-saine-chocolat-noir-x1.jpg"
"779";"Biscuits, Chocolats & Snacking";"Barre Céréale Saine Chocolat Noir (Paquet x6)";"barre-cereale-saine-chocolat-noir-paquet-x6.jpg"
"780";"Biscuits, Chocolats & Snacking";"Barre Céréale Saine Noisettes (x1)";"barre-cereale-saine-noisettes-x1.jpg"
"781";"Biscuits, Chocolats & Snacking";"Barre Céréale Saine Noisettes (Paquet x6)";"barre-cereale-saine-noisettes-paquet-x6.jpg"
"782";"Biscuits, Chocolats & Snacking";"Barre Céréale Saine Fruits Secs (x1)";"barre-cereale-saine-fruits-secs-x1.jpg"
"783";"Biscuits, Chocolats & Snacking";"Barre Céréale Saine Fruits Secs (Paquet x6)";"barre-cereale-saine-fruits-secs-paquet-x6.jpg"
"784";"Biscuits, Chocolats & Snacking";"Barre Céréale Saine Miel (x1)";"barre-cereale-saine-miel-x1.jpg"
"785";"Biscuits, Chocolats & Snacking";"Barre Céréale Saine Miel (Paquet x6)";"barre-cereale-saine-miel-paquet-x6.jpg"
"786";"Biscuits, Chocolats & Snacking";"Barre Céréale Saine Pomme-Cannelle (x1)";"barre-cereale-saine-pomme-cannelle-x1.jpg"
"787";"Biscuits, Chocolats & Snacking";"Barre Céréale Saine Pomme-Cannelle (Paquet x6)";"barre-cereale-saine-pomme-cannelle-paquet-x6.jpg"
"788";"Biscuits, Chocolats & Snacking";"Barre Céréale Saine Cacao Cru (x1)";"barre-cereale-saine-cacao-cru-x1.jpg"
"789";"Biscuits, Chocolats & Snacking";"Barre Céréale Saine Cacao Cru (Paquet x6)";"barre-cereale-saine-cacao-cru-paquet-x6.jpg"
"790";"Biscuits, Chocolats & Snacking";"Barres de Muesli au Chocolat (Lot x10)";"barres-de-muesli-au-chocolat-lot-x10.jpg"
"791";"Biscuits, Chocolats & Snacking";"Chocolat Milka Noir 70% 100g";"chocolat-milka-noir-70-100g.jpg"
"792";"Biscuits, Chocolats & Snacking";"Chocolat Milka Noir 70% 250g (Format familial)";"chocolat-milka-noir-70-250g-format-familial.jpg"
"793";"Biscuits, Chocolats & Snacking";"Chocolat Milka Lait 100g";"chocolat-milka-lait-100g.jpg"
"794";"Biscuits, Chocolats & Snacking";"Chocolat Milka Lait 250g (Format familial)";"chocolat-milka-lait-250g-format-familial.jpg"
"795";"Biscuits, Chocolats & Snacking";"Chocolat Milka Lait Noisettes 100g";"chocolat-milka-lait-noisettes-100g.jpg"
"796";"Biscuits, Chocolats & Snacking";"Chocolat Milka Lait Noisettes 250g (Format familial)";"chocolat-milka-lait-noisettes-250g-format-familial.jpg"
"797";"Biscuits, Chocolats & Snacking";"Chocolat Milka Lait Caramel 100g";"chocolat-milka-lait-caramel-100g.jpg"
"798";"Biscuits, Chocolats & Snacking";"Chocolat Milka Lait Caramel 250g (Format familial)";"chocolat-milka-lait-caramel-250g-format-familial.jpg"
"799";"Biscuits, Chocolats & Snacking";"Chocolat Milka Oreo 100g";"chocolat-milka-oreo-100g.jpg"
"800";"Biscuits, Chocolats & Snacking";"Chocolat Milka Oreo 250g (Format familial)";"chocolat-milka-oreo-250g-format-familial.jpg"
"801";"Biscuits, Chocolats & Snacking";"Chocolat Milka Daim 100g";"chocolat-milka-daim-100g.jpg"
"802";"Biscuits, Chocolats & Snacking";"Chocolat Milka Daim 250g (Format familial)";"chocolat-milka-daim-250g-format-familial.jpg"
"803";"Biscuits, Chocolats & Snacking";"Chocolat Milka Mmmax Lait Noisettes 100g";"chocolat-milka-mmmax-lait-noisettes-100g.jpg"
"804";"Biscuits, Chocolats & Snacking";"Chocolat Milka Mmmax Lait Noisettes 250g (Format familial)";"chocolat-milka-mmmax-lait-noisettes-250g-format-familial.jpg"
"805";"Biscuits, Chocolats & Snacking";"Chocolat Milka Lait Fraise 100g";"chocolat-milka-lait-fraise-100g.jpg"
"806";"Biscuits, Chocolats & Snacking";"Chocolat Milka Lait Fraise 250g (Format familial)";"chocolat-milka-lait-fraise-250g-format-familial.jpg"
"807";"Biscuits, Chocolats & Snacking";"Chocolat Milka Lait Brownie 100g";"chocolat-milka-lait-brownie-100g.jpg"
"808";"Biscuits, Chocolats & Snacking";"Chocolat Milka Lait Brownie 250g (Format familial)";"chocolat-milka-lait-brownie-250g-format-familial.jpg"
"809";"Biscuits, Chocolats & Snacking";"Chocolat Milka Triple Chocolat 100g";"chocolat-milka-triple-chocolat-100g.jpg"
"810";"Biscuits, Chocolats & Snacking";"Chocolat Milka Triple Chocolat 250g (Format familial)";"chocolat-milka-triple-chocolat-250g-format-familial.jpg"
"811";"Biscuits, Chocolats & Snacking";"Chocolat Milka Cœur de Caramel 100g";"chocolat-milka-c-ur-de-caramel-100g.jpg"
"812";"Biscuits, Chocolats & Snacking";"Chocolat Milka Cœur de Caramel 250g (Format familial)";"chocolat-milka-c-ur-de-caramel-250g-format-familial.jpg"
"813";"Biscuits, Chocolats & Snacking";"Chocolat Milka Amandes 100g";"chocolat-milka-amandes-100g.jpg"
"814";"Biscuits, Chocolats & Snacking";"Chocolat Milka Amandes 250g (Format familial)";"chocolat-milka-amandes-250g-format-familial.jpg"
"815";"Biscuits, Chocolats & Snacking";"Chocolat Milka Yaourt 100g";"chocolat-milka-yaourt-100g.jpg"
"816";"Biscuits, Chocolats & Snacking";"Chocolat Milka Yaourt 250g (Format familial)";"chocolat-milka-yaourt-250g-format-familial.jpg"
"817";"Biscuits, Chocolats & Snacking";"Chocolat Patisdecor Noir 70% 100g";"chocolat-patisdecor-noir-70-100g.jpg"
"818";"Biscuits, Chocolats & Snacking";"Chocolat Bellçaj Noir 70% 100g";"chocolat-bellcaj-noir-70-100g.jpg"
"819";"Biscuits, Chocolats & Snacking";"Chocolat Côte d'Or Noir 70% 100g";"chocolat-cote-d-or-noir-70-100g.jpg"
"820";"Biscuits, Chocolats & Snacking";"Chocolat Nestlé Noir Dessert 70% 100g";"chocolat-nestle-noir-dessert-70-100g.jpg"
"821";"Biscuits, Chocolats & Snacking";"Chocolat Patisdecor Noir 85% 100g";"chocolat-patisdecor-noir-85-100g.jpg"
"822";"Biscuits, Chocolats & Snacking";"Chocolat Bellçaj Noir 85% 100g";"chocolat-bellcaj-noir-85-100g.jpg"
"823";"Biscuits, Chocolats & Snacking";"Chocolat Côte d'Or Noir 85% 100g";"chocolat-cote-d-or-noir-85-100g.jpg"
"824";"Biscuits, Chocolats & Snacking";"Chocolat Nestlé Noir Dessert 70% 100g";"chocolat-nestle-noir-dessert-70-100g.jpg"
"825";"Biscuits, Chocolats & Snacking";"Chocolat Patisdecor Lait Noisettes 100g";"chocolat-patisdecor-lait-noisettes-100g.jpg"
"826";"Biscuits, Chocolats & Snacking";"Chocolat Bellçaj Lait Noisettes 100g";"chocolat-bellcaj-lait-noisettes-100g.jpg"
"827";"Biscuits, Chocolats & Snacking";"Chocolat Côte d'Or Lait Noisettes 100g";"chocolat-cote-d-or-lait-noisettes-100g.jpg"
"828";"Biscuits, Chocolats & Snacking";"Chocolat Nestlé Noir Dessert 70% 100g";"chocolat-nestle-noir-dessert-70-100g.jpg"
"829";"Biscuits, Chocolats & Snacking";"Chocolat Patisdecor Lait Caramel 100g";"chocolat-patisdecor-lait-caramel-100g.jpg"
"830";"Biscuits, Chocolats & Snacking";"Chocolat Bellçaj Lait Caramel 100g";"chocolat-bellcaj-lait-caramel-100g.jpg"
"831";"Biscuits, Chocolats & Snacking";"Chocolat Côte d'Or Lait Caramel 100g";"chocolat-cote-d-or-lait-caramel-100g.jpg"
"832";"Biscuits, Chocolats & Snacking";"Chocolat Nestlé Noir Dessert 70% 100g";"chocolat-nestle-noir-dessert-70-100g.jpg"
"833";"Biscuits, Chocolats & Snacking";"Chocolat Patisdecor Blanc 100g";"chocolat-patisdecor-blanc-100g.jpg"
"834";"Biscuits, Chocolats & Snacking";"Chocolat Bellçaj Blanc 100g";"chocolat-bellcaj-blanc-100g.jpg"
"835";"Biscuits, Chocolats & Snacking";"Chocolat Côte d'Or Blanc 100g";"chocolat-cote-d-or-blanc-100g.jpg"
"836";"Biscuits, Chocolats & Snacking";"Chocolat Nestlé Noir Dessert 70% 100g";"chocolat-nestle-noir-dessert-70-100g.jpg"
"837";"Biscuits, Chocolats & Snacking";"Chocolat Patisdecor Noir Amandes 100g";"chocolat-patisdecor-noir-amandes-100g.jpg"
"838";"Biscuits, Chocolats & Snacking";"Chocolat Bellçaj Noir Amandes 100g";"chocolat-bellcaj-noir-amandes-100g.jpg"
"839";"Biscuits, Chocolats & Snacking";"Chocolat Côte d'Or Noir Amandes 100g";"chocolat-cote-d-or-noir-amandes-100g.jpg"
"840";"Biscuits, Chocolats & Snacking";"Chocolat Nestlé Noir Dessert 70% 100g";"chocolat-nestle-noir-dessert-70-100g.jpg"
"841";"Biscuits, Chocolats & Snacking";"Barre Kinder Bueno (Pack de 2)";"barre-kinder-bueno-pack-de-2.jpg"
"842";"Biscuits, Chocolats & Snacking";"Barre Kinder Bueno (Individuelle)";"barre-kinder-bueno-individuelle.jpg"
"843";"Biscuits, Chocolats & Snacking";"Kinder Chocolate (Barre de 4)";"kinder-chocolate-barre-de-4.jpg"
"844";"Biscuits, Chocolats & Snacking";"Kinder Chocolate (Barre de 8)";"kinder-chocolate-barre-de-8.jpg"
"845";"Biscuits, Chocolats & Snacking";"Kinder Délice Paquet x4";"kinder-delice-paquet-x4.jpg"
"846";"Biscuits, Chocolats & Snacking";"Kinder Schoko-bons Boîte 200g";"kinder-schoko-bons-boite-200g.jpg"
"847";"Biscuits, Chocolats & Snacking";"Kinder Joy (x1 Oeuf)";"kinder-joy-x1-oeuf.jpg"
"848";"Biscuits, Chocolats & Snacking";"Barre Chocolatée Mars (Individuelle)";"barre-chocolatee-mars-individuelle.jpg"
"849";"Biscuits, Chocolats & Snacking";"Barre Chocolatée Mars (Multi-pack x4)";"barre-chocolatee-mars-multi-pack-x4.jpg"
"850";"Biscuits, Chocolats & Snacking";"Barre Chocolatée Snickers (Individuelle)";"barre-chocolatee-snickers-individuelle.jpg"
"851";"Biscuits, Chocolats & Snacking";"Barre Chocolatée Snickers (Multi-pack x4)";"barre-chocolatee-snickers-multi-pack-x4.jpg"
"852";"Biscuits, Chocolats & Snacking";"Barre Chocolatée Twix (Individuelle)";"barre-chocolatee-twix-individuelle.jpg"
"853";"Biscuits, Chocolats & Snacking";"Barre Chocolatée Twix (Multi-pack x4)";"barre-chocolatee-twix-multi-pack-x4.jpg"
"854";"Biscuits, Chocolats & Snacking";"Barre Chocolatée Bounty (Individuelle)";"barre-chocolatee-bounty-individuelle.jpg"
"855";"Biscuits, Chocolats & Snacking";"Barre Chocolatée Bounty (Multi-pack x4)";"barre-chocolatee-bounty-multi-pack-x4.jpg"
"856";"Biscuits, Chocolats & Snacking";"Barre Chocolatée Milky Way (Individuelle)";"barre-chocolatee-milky-way-individuelle.jpg"
"857";"Biscuits, Chocolats & Snacking";"Barre Chocolatée Milky Way (Multi-pack x4)";"barre-chocolatee-milky-way-multi-pack-x4.jpg"
"858";"Biscuits, Chocolats & Snacking";"Barre Chocolatée M&M's (Individuelle)";"barre-chocolatee-m-m-s-individuelle.jpg"
"859";"Biscuits, Chocolats & Snacking";"Barre Chocolatée M&M's (Multi-pack x4)";"barre-chocolatee-m-m-s-multi-pack-x4.jpg"
"860";"Biscuits, Chocolats & Snacking";"Barre Chocolatée Galaxy (Individuelle)";"barre-chocolatee-galaxy-individuelle.jpg"
"861";"Biscuits, Chocolats & Snacking";"Barre Chocolatée Galaxy (Multi-pack x4)";"barre-chocolatee-galaxy-multi-pack-x4.jpg"
"862";"Biscuits, Chocolats & Snacking";"Barre Chocolatée Lion (Individuelle)";"barre-chocolatee-lion-individuelle.jpg"
"863";"Biscuits, Chocolats & Snacking";"Barre Chocolatée Lion (Multi-pack x4)";"barre-chocolatee-lion-multi-pack-x4.jpg"
"864";"Biscuits, Chocolats & Snacking";"Ferrero Rocher Boîte T8 (x8)";"ferrero-rocher-boite-t8-x8.jpg"
"865";"Biscuits, Chocolats & Snacking";"Ferrero Rocher Boîte T16 (x16)";"ferrero-rocher-boite-t16-x16.jpg"
"866";"Biscuits, Chocolats & Snacking";"Ferrero Rocher Boîte T24 (x24)";"ferrero-rocher-boite-t24-x24.jpg"
"867";"Biscuits, Chocolats & Snacking";"Raffaello Boîte x10";"raffaello-boite-x10.jpg"
"868";"Biscuits, Chocolats & Snacking";"Nutella B-ready Paquet x4";"nutella-b-ready-paquet-x4.jpg"
"869";"Biscuits, Chocolats & Snacking";"Nutella Biscuits Paquet x8";"nutella-biscuits-paquet-x8.jpg"
"870";"Biscuits, Chocolats & Snacking";"Bonbons Haribo Or Pik Sachet 200g";"bonbons-haribo-or-pik-sachet-200g.jpg"
"871";"Biscuits, Chocolats & Snacking";"Bonbons Haribo Tagada Sachet 200g";"bonbons-haribo-tagada-sachet-200g.jpg"
"872";"Biscuits, Chocolats & Snacking";"Bonbons Haribo Croco Sachet 200g";"bonbons-haribo-croco-sachet-200g.jpg"
"873";"Biscuits, Chocolats & Snacking";"Bonbons Jelly Belly Sachet 100g";"bonbons-jelly-belly-sachet-100g.jpg"
"874";"Biscuits, Chocolats & Snacking";"Dragées Chocolat Cémoi 200g";"dragees-chocolat-cemoi-200g.jpg"
"875";"Biscuits, Chocolats & Snacking";"Billes Crocantes Chocolat 100g";"billes-crocantes-chocolat-100g.jpg"
"876";"Biscuits, Chocolats & Snacking";"Chips Lay's Nature Sel Petit Format 80g";"chips-lay-s-nature-sel-petit-format-80g.jpg"
"877";"Biscuits, Chocolats & Snacking";"Chips Lay's Nature Sel Format Standard 150g";"chips-lay-s-nature-sel-format-standard-150g.jpg"
"878";"Biscuits, Chocolats & Snacking";"Chips Lay's Nature Sel Grand Format 270g";"chips-lay-s-nature-sel-grand-format-270g.jpg"
"879";"Biscuits, Chocolats & Snacking";"Chips Mega Nature Sel 150g";"chips-mega-nature-sel-150g.jpg"
"880";"Biscuits, Chocolats & Snacking";"Chips Maison Nature Sel 150g";"chips-maison-nature-sel-150g.jpg"
"881";"Biscuits, Chocolats & Snacking";"Chips Lay's Fromage Petit Format 80g";"chips-lay-s-fromage-petit-format-80g.jpg"
"882";"Biscuits, Chocolats & Snacking";"Chips Lay's Fromage Format Standard 150g";"chips-lay-s-fromage-format-standard-150g.jpg"
"883";"Biscuits, Chocolats & Snacking";"Chips Lay's Fromage Grand Format 270g";"chips-lay-s-fromage-grand-format-270g.jpg"
"884";"Biscuits, Chocolats & Snacking";"Chips Mega Fromage 150g";"chips-mega-fromage-150g.jpg"
"885";"Biscuits, Chocolats & Snacking";"Chips Maison Fromage 150g";"chips-maison-fromage-150g.jpg"
"886";"Biscuits, Chocolats & Snacking";"Chips Lay's Barbecue Petit Format 80g";"chips-lay-s-barbecue-petit-format-80g.jpg"
"887";"Biscuits, Chocolats & Snacking";"Chips Lay's Barbecue Format Standard 150g";"chips-lay-s-barbecue-format-standard-150g.jpg"
"888";"Biscuits, Chocolats & Snacking";"Chips Lay's Barbecue Grand Format 270g";"chips-lay-s-barbecue-grand-format-270g.jpg"
"889";"Biscuits, Chocolats & Snacking";"Chips Mega Barbecue 150g";"chips-mega-barbecue-150g.jpg"
"890";"Biscuits, Chocolats & Snacking";"Chips Maison Barbecue 150g";"chips-maison-barbecue-150g.jpg"
"891";"Biscuits, Chocolats & Snacking";"Chips Lay's Ketchup Petit Format 80g";"chips-lay-s-ketchup-petit-format-80g.jpg"
"892";"Biscuits, Chocolats & Snacking";"Chips Lay's Ketchup Format Standard 150g";"chips-lay-s-ketchup-format-standard-150g.jpg"
"893";"Biscuits, Chocolats & Snacking";"Chips Lay's Ketchup Grand Format 270g";"chips-lay-s-ketchup-grand-format-270g.jpg"
"894";"Biscuits, Chocolats & Snacking";"Chips Mega Ketchup 150g";"chips-mega-ketchup-150g.jpg"
"895";"Biscuits, Chocolats & Snacking";"Chips Maison Ketchup 150g";"chips-maison-ketchup-150g.jpg"
"896";"Biscuits, Chocolats & Snacking";"Chips Lay's Crème & Oignons Petit Format 80g";"chips-lay-s-creme-oignons-petit-format-80g.jpg"
"897";"Biscuits, Chocolats & Snacking";"Chips Lay's Crème & Oignons Format Standard 150g";"chips-lay-s-creme-oignons-format-standard-150g.jpg"
"898";"Biscuits, Chocolats & Snacking";"Chips Lay's Crème & Oignons Grand Format 270g";"chips-lay-s-creme-oignons-grand-format-270g.jpg"
"899";"Biscuits, Chocolats & Snacking";"Chips Mega Crème & Oignons 150g";"chips-mega-creme-oignons-150g.jpg"
"900";"Biscuits, Chocolats & Snacking";"Chips Maison Crème & Oignons 150g";"chips-maison-creme-oignons-150g.jpg"
"901";"Biscuits, Chocolats & Snacking";"Chips Lay's Poulet Rôti Petit Format 80g";"chips-lay-s-poulet-roti-petit-format-80g.jpg"
"902";"Biscuits, Chocolats & Snacking";"Chips Lay's Poulet Rôti Format Standard 150g";"chips-lay-s-poulet-roti-format-standard-150g.jpg"
"903";"Biscuits, Chocolats & Snacking";"Chips Lay's Poulet Rôti Grand Format 270g";"chips-lay-s-poulet-roti-grand-format-270g.jpg"
"904";"Biscuits, Chocolats & Snacking";"Chips Mega Poulet Rôti 150g";"chips-mega-poulet-roti-150g.jpg"
"905";"Biscuits, Chocolats & Snacking";"Chips Maison Poulet Rôti 150g";"chips-maison-poulet-roti-150g.jpg"
"906";"Biscuits, Chocolats & Snacking";"Chips Lay's Piment Petit Format 80g";"chips-lay-s-piment-petit-format-80g.jpg"
"907";"Biscuits, Chocolats & Snacking";"Chips Lay's Piment Format Standard 150g";"chips-lay-s-piment-format-standard-150g.jpg"
"908";"Biscuits, Chocolats & Snacking";"Chips Lay's Piment Grand Format 270g";"chips-lay-s-piment-grand-format-270g.jpg"
"909";"Biscuits, Chocolats & Snacking";"Chips Mega Piment 150g";"chips-mega-piment-150g.jpg"
"910";"Biscuits, Chocolats & Snacking";"Chips Maison Piment 150g";"chips-maison-piment-150g.jpg"
"911";"Biscuits, Chocolats & Snacking";"Chips Lay's Vinaigre & Sel Petit Format 80g";"chips-lay-s-vinaigre-sel-petit-format-80g.jpg"
"912";"Biscuits, Chocolats & Snacking";"Chips Lay's Vinaigre & Sel Format Standard 150g";"chips-lay-s-vinaigre-sel-format-standard-150g.jpg"
"913";"Biscuits, Chocolats & Snacking";"Chips Lay's Vinaigre & Sel Grand Format 270g";"chips-lay-s-vinaigre-sel-grand-format-270g.jpg"
"914";"Biscuits, Chocolats & Snacking";"Chips Mega Vinaigre & Sel 150g";"chips-mega-vinaigre-sel-150g.jpg"
"915";"Biscuits, Chocolats & Snacking";"Chips Maison Vinaigre & Sel 150g";"chips-maison-vinaigre-sel-150g.jpg"
"916";"Biscuits, Chocolats & Snacking";"Chips Doritos Nachos Cheese 150g";"chips-doritos-nachos-cheese-150g.jpg"
"917";"Biscuits, Chocolats & Snacking";"Chips Doritos Cool Original 150g";"chips-doritos-cool-original-150g.jpg"
"918";"Biscuits, Chocolats & Snacking";"Chips Doritos Sweet Chili Pepper 150g";"chips-doritos-sweet-chili-pepper-150g.jpg"
"919";"Biscuits, Chocolats & Snacking";"Chips Doritos Nachos Cheese 300g";"chips-doritos-nachos-cheese-300g.jpg"
"920";"Biscuits, Chocolats & Snacking";"Tortillas Chips Sel de Mer 200g";"tortillas-chips-sel-de-mer-200g.jpg"
"921";"Biscuits, Chocolats & Snacking";"Biscuits Apéritifs Curly Sachet 180g";"biscuits-aperitifs-curly-sachet-180g.jpg"
"922";"Biscuits, Chocolats & Snacking";"Biscuits Apéritifs Cacahuètes enrobées 200g";"biscuits-aperitifs-cacahuetes-enrobees-200g.jpg"
"923";"Biscuits, Chocolats & Snacking";"Cacahuètes Salées Sachet 200g";"cacahuetes-salees-sachet-200g.jpg"
"924";"Biscuits, Chocolats & Snacking";"Cacahuètes Salées Sachet 500g";"cacahuetes-salees-sachet-500g.jpg"
"925";"Biscuits, Chocolats & Snacking";"Fruits Secs Mélange Apéritif 200g";"fruits-secs-melange-aperitif-200g.jpg"
"926";"Biscuits, Chocolats & Snacking";"Noix de Cajou Grillées 200g";"noix-de-cajou-grillees-200g.jpg"
"927";"Biscuits, Chocolats & Snacking";"Amandes Grillées & Salées 200g";"amandes-grillees-salees-200g.jpg"
"928";"Biscuits, Chocolats & Snacking";"Olives Noires Apéritifs Dénoyautées Sachet 200g";"olives-noires-aperitifs-denoyautees-sachet-200g.jpg"
"929";"Biscuits, Chocolats & Snacking";"Feuilletés apéritifs Fromage Sachet 250g";"feuilletes-aperitifs-fromage-sachet-250g.jpg"
"930";"Biscuits, Chocolats & Snacking";"Chips de Pommes de Terre Fines 200g";"chips-de-pommes-de-terre-fines-200g.jpg"
"931";"Biscuits, Chocolats & Snacking";"Palets Bretons Apéritifs 200g";"palets-bretons-aperitifs-200g.jpg"
"932";"Biscuits, Chocolats & Snacking";"Pop-corn Ready Microwave Salé x3";"pop-corn-ready-microwave-sale-x3.jpg"
"933";"Biscuits, Chocolats & Snacking";"Pop-corn Ready Microwave Caramel x3";"pop-corn-ready-microwave-caramel-x3.jpg"
"934";"Biscuits, Chocolats & Snacking";"Pop-corn Butterkist Prêt à manger 200g";"pop-corn-butterkist-pret-a-manger-200g.jpg"
"935";"Biscuits, Chocolats & Snacking";"Glace Pot Familial Vanille 1L";"glace-pot-familial-vanille-1l.jpg"
"936";"Biscuits, Chocolats & Snacking";"Cornet Glace Vanille (x1)";"cornet-glace-vanille-x1.jpg"
"937";"Biscuits, Chocolats & Snacking";"Bâtonnet Glace Vanille (x1)";"batonnet-glace-vanille-x1.jpg"
"938";"Biscuits, Chocolats & Snacking";"Glace Pot Familial Chocolat 1L";"glace-pot-familial-chocolat-1l.jpg"
"939";"Biscuits, Chocolats & Snacking";"Cornet Glace Chocolat (x1)";"cornet-glace-chocolat-x1.jpg"
"940";"Biscuits, Chocolats & Snacking";"Bâtonnet Glace Chocolat (x1)";"batonnet-glace-chocolat-x1.jpg"
"941";"Biscuits, Chocolats & Snacking";"Glace Pot Familial Fraise 1L";"glace-pot-familial-fraise-1l.jpg"
"942";"Biscuits, Chocolats & Snacking";"Cornet Glace Fraise (x1)";"cornet-glace-fraise-x1.jpg"
"943";"Biscuits, Chocolats & Snacking";"Bâtonnet Glace Fraise (x1)";"batonnet-glace-fraise-x1.jpg"
"944";"Biscuits, Chocolats & Snacking";"Glace Pot Familial Café 1L";"glace-pot-familial-cafe-1l.jpg"
"945";"Biscuits, Chocolats & Snacking";"Cornet Glace Café (x1)";"cornet-glace-cafe-x1.jpg"
"946";"Biscuits, Chocolats & Snacking";"Bâtonnet Glace Café (x1)";"batonnet-glace-cafe-x1.jpg"
"947";"Biscuits, Chocolats & Snacking";"Glace Pot Familial Pistache 1L";"glace-pot-familial-pistache-1l.jpg"
"948";"Biscuits, Chocolats & Snacking";"Cornet Glace Pistache (x1)";"cornet-glace-pistache-x1.jpg"
"949";"Biscuits, Chocolats & Snacking";"Bâtonnet Glace Pistache (x1)";"batonnet-glace-pistache-x1.jpg"
"950";"Biscuits, Chocolats & Snacking";"Glace Pot Familial Noix de Coco 1L";"glace-pot-familial-noix-de-coco-1l.jpg"
"951";"Biscuits, Chocolats & Snacking";"Cornet Glace Noix de Coco (x1)";"cornet-glace-noix-de-coco-x1.jpg"
"952";"Biscuits, Chocolats & Snacking";"Bâtonnet Glace Noix de Coco (x1)";"batonnet-glace-noix-de-coco-x1.jpg"
"953";"Biscuits, Chocolats & Snacking";"Glace Pot Familial Cookies & Cream 1L";"glace-pot-familial-cookies-cream-1l.jpg"
"954";"Biscuits, Chocolats & Snacking";"Cornet Glace Cookies & Cream (x1)";"cornet-glace-cookies-cream-x1.jpg"
"955";"Biscuits, Chocolats & Snacking";"Bâtonnet Glace Cookies & Cream (x1)";"batonnet-glace-cookies-cream-x1.jpg"
"956";"Biscuits, Chocolats & Snacking";"Glace Pot Familial Caramel Beurre Salé 1L";"glace-pot-familial-caramel-beurre-sale-1l.jpg"
"957";"Biscuits, Chocolats & Snacking";"Cornet Glace Caramel Beurre Salé (x1)";"cornet-glace-caramel-beurre-sale-x1.jpg"
"958";"Biscuits, Chocolats & Snacking";"Bâtonnet Glace Caramel Beurre Salé (x1)";"batonnet-glace-caramel-beurre-sale-x1.jpg"
"959";"Biscuits, Chocolats & Snacking";"Glace Magnum Classic (x1)";"glace-magnum-classic-x1.jpg"
"960";"Biscuits, Chocolats & Snacking";"Glace Magnum Classic (Boîte x6)";"glace-magnum-classic-boite-x6.jpg"
"961";"Biscuits, Chocolats & Snacking";"Glace Cornetto Classique (x1)";"glace-cornetto-classique-x1.jpg"
"962";"Biscuits, Chocolats & Snacking";"Glace Cornetto Classique (Boîte x6)";"glace-cornetto-classique-boite-x6.jpg"
"963";"Biscuits, Chocolats & Snacking";"Glace Sorbets 100% Fruits 750ml";"glace-sorbets-100-fruits-750ml.jpg"
"964";"Petit-déjeuner & Tartinables";"Café Nescafé Classic Pot 50g";"cafe-nescafe-classic-pot-50g.jpg"
"965";"Petit-déjeuner & Tartinables";"Café Nescafé Classic Pot 100g";"cafe-nescafe-classic-pot-100g.jpg"
"966";"Petit-déjeuner & Tartinables";"Café Nescafé Classic Pot 200g";"cafe-nescafe-classic-pot-200g.jpg"
"967";"Petit-déjeuner & Tartinables";"Café Nescafé Classic Pot 400g";"cafe-nescafe-classic-pot-400g.jpg"
"968";"Petit-déjeuner & Tartinables";"Café Nescafé Gold Pot 100g";"cafe-nescafe-gold-pot-100g.jpg"
"969";"Petit-déjeuner & Tartinables";"Café Nescafé Gold Pot 200g";"cafe-nescafe-gold-pot-200g.jpg"
"970";"Petit-déjeuner & Tartinables";"Café Nescafé Express Stick (x25)";"cafe-nescafe-express-stick-x25.jpg"
"971";"Petit-déjeuner & Tartinables";"Café Carte Noire Pot 100g";"cafe-carte-noire-pot-100g.jpg"
"972";"Petit-déjeuner & Tartinables";"Café Carte Noire Pot 200g";"cafe-carte-noire-pot-200g.jpg"
"973";"Petit-déjeuner & Tartinables";"Café Moulu Mokador 250g";"cafe-moulu-mokador-250g.jpg"
"974";"Petit-déjeuner & Tartinables";"Café Moulu Mokador 500g";"cafe-moulu-mokador-500g.jpg"
"975";"Petit-déjeuner & Tartinables";"Café Moulu Dahbi 250g";"cafe-moulu-dahbi-250g.jpg"
"976";"Petit-déjeuner & Tartinables";"Café Moulu Dahbi 500g";"cafe-moulu-dahbi-500g.jpg"
"977";"Petit-déjeuner & Tartinables";"Café Grains 1kg";"cafe-grains-1kg.jpg"
"978";"Petit-déjeuner & Tartinables";"Café Grains Arabica 500g";"cafe-grains-arabica-500g.jpg"
"979";"Petit-déjeuner & Tartinables";"Café Nespresso Compatibles Capsules x10";"cafe-nespresso-compatibles-capsules-x10.jpg"
"980";"Petit-déjeuner & Tartinables";"Café Nespresso Compatibles Capsules x30";"cafe-nespresso-compatibles-capsules-x30.jpg"
"981";"Petit-déjeuner & Tartinables";"Café en dosettes Senseo x36";"cafe-en-dosettes-senseo-x36.jpg"
"982";"Petit-déjeuner & Tartinables";"Thé Vert Sultan Boîte 100g";"the-vert-sultan-boite-100g.jpg"
"983";"Petit-déjeuner & Tartinables";"Thé Vert Sultan Boîte 200g";"the-vert-sultan-boite-200g.jpg"
"984";"Petit-déjeuner & Tartinables";"Thé Vert Sultan Boîte 500g";"the-vert-sultan-boite-500g.jpg"
"985";"Petit-déjeuner & Tartinables";"Thé Vert Sultan Boîte 1kg";"the-vert-sultan-boite-1kg.jpg"
"986";"Petit-déjeuner & Tartinables";"Thé Vert Sultan Vrac 2kg";"the-vert-sultan-vrac-2kg.jpg"
"987";"Petit-déjeuner & Tartinables";"Thé Vert Alwazah 500g";"the-vert-alwazah-500g.jpg"
"988";"Petit-déjeuner & Tartinables";"Thé Vert Alwazah 1kg";"the-vert-alwazah-1kg.jpg"
"989";"Petit-déjeuner & Tartinables";"Thé Noir 555 Boîte 100g";"the-noir-555-boite-100g.jpg"
"990";"Petit-déjeuner & Tartinables";"Thé Noir 555 Boîte 500g";"the-noir-555-boite-500g.jpg"
"991";"Petit-déjeuner & Tartinables";"Thé Noir Lipton Yellow Label Boîte 100g";"the-noir-lipton-yellow-label-boite-100g.jpg"
"992";"Petit-déjeuner & Tartinables";"Thé Infusions 4 Saveurs x20 sachets";"the-infusions-4-saveurs-x20-sachets.jpg"
"993";"Petit-déjeuner & Tartinables";"Tisane / Infusion Menthe (x20 sachets)";"tisane-infusion-menthe-x20-sachets.jpg"
"994";"Petit-déjeuner & Tartinables";"Infusion Bio Menthe (x20 sachets)";"infusion-bio-menthe-x20-sachets.jpg"
"995";"Petit-déjeuner & Tartinables";"Tisane / Infusion Verbena (x20 sachets)";"tisane-infusion-verbena-x20-sachets.jpg"
"996";"Petit-déjeuner & Tartinables";"Infusion Bio Verbena (x20 sachets)";"infusion-bio-verbena-x20-sachets.jpg"
"997";"Petit-déjeuner & Tartinables";"Tisane / Infusion Tilleul (x20 sachets)";"tisane-infusion-tilleul-x20-sachets.jpg"
"998";"Petit-déjeuner & Tartinables";"Infusion Bio Tilleul (x20 sachets)";"infusion-bio-tilleul-x20-sachets.jpg"
"999";"Petit-déjeuner & Tartinables";"Tisane / Infusion Thym (x20 sachets)";"tisane-infusion-thym-x20-sachets.jpg"
"1000";"Petit-déjeuner & Tartinables";"Infusion Bio Thym (x20 sachets)";"infusion-bio-thym-x20-sachets.jpg"
"1001";"Petit-déjeuner & Tartinables";"Tisane / Infusion Romarin (x20 sachets)";"tisane-infusion-romarin-x20-sachets.jpg"
"1002";"Petit-déjeuner & Tartinables";"Infusion Bio Romarin (x20 sachets)";"infusion-bio-romarin-x20-sachets.jpg"
"1003";"Petit-déjeuner & Tartinables";"Tisane / Infusion Fleur d'Oranger (x20 sachets)";"tisane-infusion-fleur-d-oranger-x20-sachets.jpg"
"1004";"Petit-déjeuner & Tartinables";"Infusion Bio Fleur d'Oranger (x20 sachets)";"infusion-bio-fleur-d-oranger-x20-sachets.jpg"
"1005";"Petit-déjeuner & Tartinables";"Tisane / Infusion Camomille (x20 sachets)";"tisane-infusion-camomille-x20-sachets.jpg"
"1006";"Petit-déjeuner & Tartinables";"Infusion Bio Camomille (x20 sachets)";"infusion-bio-camomille-x20-sachets.jpg"
"1007";"Petit-déjeuner & Tartinables";"Tisane / Infusion Gingembre-Citron (x20 sachets)";"tisane-infusion-gingembre-citron-x20-sachets.jpg"
"1008";"Petit-déjeuner & Tartinables";"Infusion Bio Gingembre-Citron (x20 sachets)";"infusion-bio-gingembre-citron-x20-sachets.jpg"
"1009";"Petit-déjeuner & Tartinables";"Tisane / Infusion Rooibos (x20 sachets)";"tisane-infusion-rooibos-x20-sachets.jpg"
"1010";"Petit-déjeuner & Tartinables";"Infusion Bio Rooibos (x20 sachets)";"infusion-bio-rooibos-x20-sachets.jpg"
"1011";"Petit-déjeuner & Tartinables";"Maté en Poudre 500g";"mate-en-poudre-500g.jpg"
"1012";"Petit-déjeuner & Tartinables";"Confiture Aïcha Fraise Bocal 500g";"confiture-aicha-fraise-bocal-500g.jpg"
"1013";"Petit-déjeuner & Tartinables";"Confiture Aïcha Fraise Bocal 1kg";"confiture-aicha-fraise-bocal-1kg.jpg"
"1014";"Petit-déjeuner & Tartinables";"Confiture Extra Taillefine Fraise 375g";"confiture-extra-taillefine-fraise-375g.jpg"
"1015";"Petit-déjeuner & Tartinables";"Confiture Aïcha Abricot Bocal 500g";"confiture-aicha-abricot-bocal-500g.jpg"
"1016";"Petit-déjeuner & Tartinables";"Confiture Aïcha Abricot Bocal 1kg";"confiture-aicha-abricot-bocal-1kg.jpg"
"1017";"Petit-déjeuner & Tartinables";"Confiture Extra Taillefine Abricot 375g";"confiture-extra-taillefine-abricot-375g.jpg"
"1018";"Petit-déjeuner & Tartinables";"Confiture Aïcha Figue Bocal 500g";"confiture-aicha-figue-bocal-500g.jpg"
"1019";"Petit-déjeuner & Tartinables";"Confiture Aïcha Figue Bocal 1kg";"confiture-aicha-figue-bocal-1kg.jpg"
"1020";"Petit-déjeuner & Tartinables";"Confiture Extra Taillefine Figue 375g";"confiture-extra-taillefine-figue-375g.jpg"
"1021";"Petit-déjeuner & Tartinables";"Confiture Aïcha Groseille Bocal 500g";"confiture-aicha-groseille-bocal-500g.jpg"
"1022";"Petit-déjeuner & Tartinables";"Confiture Aïcha Groseille Bocal 1kg";"confiture-aicha-groseille-bocal-1kg.jpg"
"1023";"Petit-déjeuner & Tartinables";"Confiture Extra Taillefine Groseille 375g";"confiture-extra-taillefine-groseille-375g.jpg"
"1024";"Petit-déjeuner & Tartinables";"Confiture Aïcha Framboise Bocal 500g";"confiture-aicha-framboise-bocal-500g.jpg"
"1025";"Petit-déjeuner & Tartinables";"Confiture Aïcha Framboise Bocal 1kg";"confiture-aicha-framboise-bocal-1kg.jpg"
"1026";"Petit-déjeuner & Tartinables";"Confiture Extra Taillefine Framboise 375g";"confiture-extra-taillefine-framboise-375g.jpg"
"1027";"Petit-déjeuner & Tartinables";"Confiture Aïcha Pêche Bocal 500g";"confiture-aicha-peche-bocal-500g.jpg"
"1028";"Petit-déjeuner & Tartinables";"Confiture Aïcha Pêche Bocal 1kg";"confiture-aicha-peche-bocal-1kg.jpg"
"1029";"Petit-déjeuner & Tartinables";"Confiture Extra Taillefine Pêche 375g";"confiture-extra-taillefine-peche-375g.jpg"
"1030";"Petit-déjeuner & Tartinables";"Confiture Aïcha Orange Amère Bocal 500g";"confiture-aicha-orange-amere-bocal-500g.jpg"
"1031";"Petit-déjeuner & Tartinables";"Confiture Aïcha Orange Amère Bocal 1kg";"confiture-aicha-orange-amere-bocal-1kg.jpg"
"1032";"Petit-déjeuner & Tartinables";"Confiture Extra Taillefine Orange Amère 375g";"confiture-extra-taillefine-orange-amere-375g.jpg"
"1033";"Petit-déjeuner & Tartinables";"Confiture Aïcha Marmelade Bocal 500g";"confiture-aicha-marmelade-bocal-500g.jpg"
"1034";"Petit-déjeuner & Tartinables";"Confiture Aïcha Marmelade Bocal 1kg";"confiture-aicha-marmelade-bocal-1kg.jpg"
"1035";"Petit-déjeuner & Tartinables";"Confiture Extra Taillefine Marmelade 375g";"confiture-extra-taillefine-marmelade-375g.jpg"
"1036";"Petit-déjeuner & Tartinables";"Confiture Aïcha Pruneau Bocal 500g";"confiture-aicha-pruneau-bocal-500g.jpg"
"1037";"Petit-déjeuner & Tartinables";"Confiture Aïcha Pruneau Bocal 1kg";"confiture-aicha-pruneau-bocal-1kg.jpg"
"1038";"Petit-déjeuner & Tartinables";"Confiture Extra Taillefine Pruneau 375g";"confiture-extra-taillefine-pruneau-375g.jpg"
"1039";"Petit-déjeuner & Tartinables";"Confiture Aïcha Fruits Rouges Bocal 500g";"confiture-aicha-fruits-rouges-bocal-500g.jpg"
"1040";"Petit-déjeuner & Tartinables";"Confiture Aïcha Fruits Rouges Bocal 1kg";"confiture-aicha-fruits-rouges-bocal-1kg.jpg"
"1041";"Petit-déjeuner & Tartinables";"Confiture Extra Taillefine Fruits Rouges 375g";"confiture-extra-taillefine-fruits-rouges-375g.jpg"
"1042";"Petit-déjeuner & Tartinables";"Confiture Aïcha Coing Bocal 500g";"confiture-aicha-coing-bocal-500g.jpg"
"1043";"Petit-déjeuner & Tartinables";"Confiture Aïcha Coing Bocal 1kg";"confiture-aicha-coing-bocal-1kg.jpg"
"1044";"Petit-déjeuner & Tartinables";"Confiture Extra Taillefine Coing 375g";"confiture-extra-taillefine-coing-375g.jpg"
"1045";"Petit-déjeuner & Tartinables";"Confiture Aïcha Pomme Bocal 500g";"confiture-aicha-pomme-bocal-500g.jpg"
"1046";"Petit-déjeuner & Tartinables";"Confiture Aïcha Pomme Bocal 1kg";"confiture-aicha-pomme-bocal-1kg.jpg"
"1047";"Petit-déjeuner & Tartinables";"Confiture Extra Taillefine Pomme 375g";"confiture-extra-taillefine-pomme-375g.jpg"
"1048";"Petit-déjeuner & Tartinables";"Pâte à Tartiner Nocilla 200g";"pate-a-tartiner-nocilla-200g.jpg"
"1049";"Petit-déjeuner & Tartinables";"Pâte à Tartiner Nocilla 400g";"pate-a-tartiner-nocilla-400g.jpg"
"1050";"Petit-déjeuner & Tartinables";"Pâte à Tartiner Nocilla 750g";"pate-a-tartiner-nocilla-750g.jpg"
"1051";"Petit-déjeuner & Tartinables";"Pâte à Tartiner Choco 200g";"pate-a-tartiner-choco-200g.jpg"
"1052";"Petit-déjeuner & Tartinables";"Pâte à Tartiner Choco 400g";"pate-a-tartiner-choco-400g.jpg"
"1053";"Petit-déjeuner & Tartinables";"Pâte à Tartiner Nutella Ferrero 200g";"pate-a-tartiner-nutella-ferrero-200g.jpg"
"1054";"Petit-déjeuner & Tartinables";"Pâte à Tartiner Nutella Ferrero 400g";"pate-a-tartiner-nutella-ferrero-400g.jpg"
"1055";"Petit-déjeuner & Tartinables";"Pâte à Tartiner Nutella Ferrero 750g";"pate-a-tartiner-nutella-ferrero-750g.jpg"
"1056";"Petit-déjeuner & Tartinables";"Pâte à Tartiner Nutella Ferrero 1kg";"pate-a-tartiner-nutella-ferrero-1kg.jpg"
"1057";"Petit-déjeuner & Tartinables";"Pâte à Tartiner Bimo Choco Noisettes 400g";"pate-a-tartiner-bimo-choco-noisettes-400g.jpg"
"1058";"Petit-déjeuner & Tartinables";"Miel de Fleurs Naturel 250g";"miel-de-fleurs-naturel-250g.jpg"
"1059";"Petit-déjeuner & Tartinables";"Miel de Fleurs Naturel 500g";"miel-de-fleurs-naturel-500g.jpg"
"1060";"Petit-déjeuner & Tartinables";"Miel de Fleurs Naturel 1kg";"miel-de-fleurs-naturel-1kg.jpg"
"1061";"Petit-déjeuner & Tartinables";"Miel de Thym Pur 250g";"miel-de-thym-pur-250g.jpg"
"1062";"Petit-déjeuner & Tartinables";"Miel de Thym Pur 500g";"miel-de-thym-pur-500g.jpg"
"1063";"Petit-déjeuner & Tartinables";"Miel d'Eucalyptus 250g";"miel-d-eucalyptus-250g.jpg"
"1064";"Petit-déjeuner & Tartinables";"Miel d'Oranger Amer 250g";"miel-d-oranger-amer-250g.jpg"
"1065";"Petit-déjeuner & Tartinables";"Miel de Jujubier (Sidr) 500g";"miel-de-jujubier-sidr-500g.jpg"
"1066";"Petit-déjeuner & Tartinables";"Crème de Miel à Tartiner 500g";"creme-de-miel-a-tartiner-500g.jpg"
"1067";"Petit-déjeuner & Tartinables";"Céréales Nestlé Chocapic Boîte 375g";"cereales-nestle-chocapic-boite-375g.jpg"
"1068";"Petit-déjeuner & Tartinables";"Céréales Nestlé Chocapic Boîte 500g";"cereales-nestle-chocapic-boite-500g.jpg"
"1069";"Petit-déjeuner & Tartinables";"Céréales Nestlé Chocapic Format Familial 750g";"cereales-nestle-chocapic-format-familial-750g.jpg"
"1070";"Petit-déjeuner & Tartinables";"Céréales Nestlé Nesquik Boîte 375g";"cereales-nestle-nesquik-boite-375g.jpg"
"1071";"Petit-déjeuner & Tartinables";"Céréales Nestlé Nesquik Boîte 500g";"cereales-nestle-nesquik-boite-500g.jpg"
"1072";"Petit-déjeuner & Tartinables";"Céréales Nestlé Nesquik Format Familial 750g";"cereales-nestle-nesquik-format-familial-750g.jpg"
"1073";"Petit-déjeuner & Tartinables";"Céréales Nestlé Lion Boîte 375g";"cereales-nestle-lion-boite-375g.jpg"
"1074";"Petit-déjeuner & Tartinables";"Céréales Nestlé Lion Boîte 500g";"cereales-nestle-lion-boite-500g.jpg"
"1075";"Petit-déjeuner & Tartinables";"Céréales Nestlé Lion Format Familial 750g";"cereales-nestle-lion-format-familial-750g.jpg"
"1076";"Petit-déjeuner & Tartinables";"Céréales Nestlé Corn Flakes Boîte 375g";"cereales-nestle-corn-flakes-boite-375g.jpg"
"1077";"Petit-déjeuner & Tartinables";"Céréales Nestlé Corn Flakes Boîte 500g";"cereales-nestle-corn-flakes-boite-500g.jpg"
"1078";"Petit-déjeuner & Tartinables";"Céréales Nestlé Corn Flakes Format Familial 750g";"cereales-nestle-corn-flakes-format-familial-750g.jpg"
"1079";"Petit-déjeuner & Tartinables";"Céréales Nestlé Lucky Charms Boîte 375g";"cereales-nestle-lucky-charms-boite-375g.jpg"
"1080";"Petit-déjeuner & Tartinables";"Céréales Nestlé Lucky Charms Boîte 500g";"cereales-nestle-lucky-charms-boite-500g.jpg"
"1081";"Petit-déjeuner & Tartinables";"Céréales Nestlé Lucky Charms Format Familial 750g";"cereales-nestle-lucky-charms-format-familial-750g.jpg"
"1082";"Petit-déjeuner & Tartinables";"Céréales Nestlé Frosties Boîte 375g";"cereales-nestle-frosties-boite-375g.jpg"
"1083";"Petit-déjeuner & Tartinables";"Céréales Nestlé Frosties Boîte 500g";"cereales-nestle-frosties-boite-500g.jpg"
"1084";"Petit-déjeuner & Tartinables";"Céréales Nestlé Frosties Format Familial 750g";"cereales-nestle-frosties-format-familial-750g.jpg"
"1085";"Petit-déjeuner & Tartinables";"Céréales Nestlé Cini Minis Boîte 375g";"cereales-nestle-cini-minis-boite-375g.jpg"
"1086";"Petit-déjeuner & Tartinables";"Céréales Nestlé Cini Minis Boîte 500g";"cereales-nestle-cini-minis-boite-500g.jpg"
"1087";"Petit-déjeuner & Tartinables";"Céréales Nestlé Cini Minis Format Familial 750g";"cereales-nestle-cini-minis-format-familial-750g.jpg"
"1088";"Petit-déjeuner & Tartinables";"Céréales Nestlé Honey Stars Boîte 375g";"cereales-nestle-honey-stars-boite-375g.jpg"
"1089";"Petit-déjeuner & Tartinables";"Céréales Nestlé Honey Stars Boîte 500g";"cereales-nestle-honey-stars-boite-500g.jpg"
"1090";"Petit-déjeuner & Tartinables";"Céréales Nestlé Honey Stars Format Familial 750g";"cereales-nestle-honey-stars-format-familial-750g.jpg"
"1091";"Petit-déjeuner & Tartinables";"Céréales Nestlé Miel Pops Boîte 375g";"cereales-nestle-miel-pops-boite-375g.jpg"
"1092";"Petit-déjeuner & Tartinables";"Céréales Nestlé Miel Pops Boîte 500g";"cereales-nestle-miel-pops-boite-500g.jpg"
"1093";"Petit-déjeuner & Tartinables";"Céréales Nestlé Miel Pops Format Familial 750g";"cereales-nestle-miel-pops-format-familial-750g.jpg"
"1094";"Petit-déjeuner & Tartinables";"Céréales Nestlé Special K Boîte 375g";"cereales-nestle-special-k-boite-375g.jpg"
"1095";"Petit-déjeuner & Tartinables";"Céréales Nestlé Special K Boîte 500g";"cereales-nestle-special-k-boite-500g.jpg"
"1096";"Petit-déjeuner & Tartinables";"Céréales Nestlé Special K Format Familial 750g";"cereales-nestle-special-k-format-familial-750g.jpg"
"1097";"Petit-déjeuner & Tartinables";"Céréales Nestlé Fitness Boîte 375g";"cereales-nestle-fitness-boite-375g.jpg"
"1098";"Petit-déjeuner & Tartinables";"Céréales Nestlé Fitness Boîte 500g";"cereales-nestle-fitness-boite-500g.jpg"
"1099";"Petit-déjeuner & Tartinables";"Céréales Nestlé Fitness Format Familial 750g";"cereales-nestle-fitness-format-familial-750g.jpg"
"1100";"Petit-déjeuner & Tartinables";"Céréales Nestlé Bran Flakes Boîte 375g";"cereales-nestle-bran-flakes-boite-375g.jpg"
"1101";"Petit-déjeuner & Tartinables";"Céréales Nestlé Bran Flakes Boîte 500g";"cereales-nestle-bran-flakes-boite-500g.jpg"
"1102";"Petit-déjeuner & Tartinables";"Céréales Nestlé Bran Flakes Format Familial 750g";"cereales-nestle-bran-flakes-format-familial-750g.jpg"
"1103";"Petit-déjeuner & Tartinables";"Céréales Nestlé Muesli 5 Fruits Boîte 375g";"cereales-nestle-muesli-5-fruits-boite-375g.jpg"
"1104";"Petit-déjeuner & Tartinables";"Céréales Nestlé Muesli 5 Fruits Boîte 500g";"cereales-nestle-muesli-5-fruits-boite-500g.jpg"
"1105";"Petit-déjeuner & Tartinables";"Céréales Nestlé Muesli 5 Fruits Format Familial 750g";"cereales-nestle-muesli-5-fruits-format-familial-750g.jpg"
"1106";"Petit-déjeuner & Tartinables";"Céréales Nestlé Muesli Croustillant Chocolat Boîte 375g";"cereales-nestle-muesli-croustillant-chocolat-boite-375g.jpg"
"1107";"Petit-déjeuner & Tartinables";"Céréales Nestlé Muesli Croustillant Chocolat Boîte 500g";"cereales-nestle-muesli-croustillant-chocolat-boite-500g.jpg"
"1108";"Petit-déjeuner & Tartinables";"Céréales Nestlé Muesli Croustillant Chocolat Format Familial 750g";"cereales-nestle-muesli-croustillant-chocolat-format-familial-750g.jpg"
"1109";"Petit-déjeuner & Tartinables";"Céréales Nestlé Boules de Céréales Choco Boîte 375g";"cereales-nestle-boules-de-cereales-choco-boite-375g.jpg"
"1110";"Petit-déjeuner & Tartinables";"Céréales Nestlé Boules de Céréales Choco Boîte 500g";"cereales-nestle-boules-de-cereales-choco-boite-500g.jpg"
"1111";"Petit-déjeuner & Tartinables";"Céréales Nestlé Boules de Céréales Choco Format Familial 750g";"cereales-nestle-boules-de-cereales-choco-format-familial-750g.jpg"
"1112";"Petit-déjeuner & Tartinables";"Céréales Nestlé Rice Krispies Boîte 375g";"cereales-nestle-rice-krispies-boite-375g.jpg"
"1113";"Petit-déjeuner & Tartinables";"Céréales Nestlé Rice Krispies Boîte 500g";"cereales-nestle-rice-krispies-boite-500g.jpg"
"1114";"Petit-déjeuner & Tartinables";"Céréales Nestlé Rice Krispies Format Familial 750g";"cereales-nestle-rice-krispies-format-familial-750g.jpg"
"1115";"Petit-déjeuner & Tartinables";"Céréales Nestlé All Bran Boîte 375g";"cereales-nestle-all-bran-boite-375g.jpg"
"1116";"Petit-déjeuner & Tartinables";"Céréales Nestlé All Bran Boîte 500g";"cereales-nestle-all-bran-boite-500g.jpg"
"1117";"Petit-déjeuner & Tartinables";"Céréales Nestlé All Bran Format Familial 750g";"cereales-nestle-all-bran-format-familial-750g.jpg"
"1118";"Petit-déjeuner & Tartinables";"Sucre en Morceaux Paquet 1kg";"sucre-en-morceaux-paquet-1kg.jpg"
"1119";"Petit-déjeuner & Tartinables";"Sucre en Morceaux Paquet 2kg";"sucre-en-morceaux-paquet-2kg.jpg"
"1120";"Petit-déjeuner & Tartinables";"Sucre Semoule Sachet 1kg";"sucre-semoule-sachet-1kg.jpg"
"1121";"Petit-déjeuner & Tartinables";"Sucre Semoule Sachet 2kg";"sucre-semoule-sachet-2kg.jpg"
"1122";"Petit-déjeuner & Tartinables";"Sucre Semoule Sachet 5kg";"sucre-semoule-sachet-5kg.jpg"
"1123";"Petit-déjeuner & Tartinables";"Sucre Glace 500g";"sucre-glace-500g.jpg"
"1124";"Petit-déjeuner & Tartinables";"Sucre Roux / Cassonade 1kg";"sucre-roux-cassonade-1kg.jpg"
"1125";"Petit-déjeuner & Tartinables";"Sucre Vergeoise 500g";"sucre-vergeoise-500g.jpg"
"1126";"Petit-déjeuner & Tartinables";"Édulcorant Canderel Boîte x1000 comprimés";"edulcorant-canderel-boite-x1000-comprimes.jpg"
"1127";"Petit-déjeuner & Tartinables";"Sucre Stick (x100)";"sucre-stick-x100.jpg"
"1128";"Petit-déjeuner & Tartinables";"Pain de Mie Crépière Nature 500g";"pain-de-mie-crepiere-nature-500g.jpg"
"1129";"Petit-déjeuner & Tartinables";"Pain de Mie Grande Tranches 500g";"pain-de-mie-grande-tranches-500g.jpg"
"1130";"Petit-déjeuner & Tartinables";"Pain de Mie Brioché 400g";"pain-de-mie-brioche-400g.jpg"
"1131";"Petit-déjeuner & Tartinables";"Pain au Chocolat Bimo Paquet x4";"pain-au-chocolat-bimo-paquet-x4.jpg"
"1132";"Petit-déjeuner & Tartinables";"Croissants Beurre Bimo Paquet x4";"croissants-beurre-bimo-paquet-x4.jpg"
"1133";"Petit-déjeuner & Tartinables";"Brioche Tressée St Michel 400g";"brioche-tressee-st-michel-400g.jpg"
"1134";"Petit-déjeuner & Tartinables";"Brioche Butchy Paquet x10";"brioche-butchy-paquet-x10.jpg"
"1135";"Petit-déjeuner & Tartinables";"Pâte de Noisettes Torréfiées 350g";"pate-de-noisettes-torrefiees-350g.jpg"
"1136";"Petit-déjeuner & Tartinables";"Crème de Marron 500g";"creme-de-marron-500g.jpg"
"1137";"Petit-déjeuner & Tartinables";"Crêpes Prêtes à Garnir Paquet x8";"crepes-pretes-a-garnir-paquet-x8.jpg"
"1138";"Petit-déjeuner & Tartinables";"Gaufres Sucrees Paquet x8";"gaufres-sucrees-paquet-x8.jpg"
"1139";"Petit-déjeuner & Tartinables";"Crêpes Fines Prêtes à l'Emporter x10";"crepes-fines-pretes-a-l-emporter-x10.jpg"
"1140";"Hygiène Corporelle";"Savon Liquide Mains Palmolive Lait d'Avoine 500ml";"savon-liquide-mains-palmolive-lait-d-avoine-500ml.jpg"
"1141";"Hygiène Corporelle";"Savon Liquide Mains Palmolive Lait d'Avoine Recharge 1L";"savon-liquide-mains-palmolive-lait-d-avoine-recharge-1l.jpg"
"1142";"Hygiène Corporelle";"Savon Liquide Mains Dettol Lait d'Avoine 500ml";"savon-liquide-mains-dettol-lait-d-avoine-500ml.jpg"
"1143";"Hygiène Corporelle";"Savon Liquide Antibactérien Dettol Original 500ml";"savon-liquide-antibacterien-dettol-original-500ml.jpg"
"1144";"Hygiène Corporelle";"Savon Liquide Mains Palmolive Aloe Vera 500ml";"savon-liquide-mains-palmolive-aloe-vera-500ml.jpg"
"1145";"Hygiène Corporelle";"Savon Liquide Mains Palmolive Aloe Vera Recharge 1L";"savon-liquide-mains-palmolive-aloe-vera-recharge-1l.jpg"
"1146";"Hygiène Corporelle";"Savon Liquide Mains Dettol Aloe Vera 500ml";"savon-liquide-mains-dettol-aloe-vera-500ml.jpg"
"1147";"Hygiène Corporelle";"Savon Liquide Antibactérien Dettol Original 500ml";"savon-liquide-antibacterien-dettol-original-500ml.jpg"
"1148";"Hygiène Corporelle";"Savon Liquide Mains Palmolive Fleur de Jasmin 500ml";"savon-liquide-mains-palmolive-fleur-de-jasmin-500ml.jpg"
"1149";"Hygiène Corporelle";"Savon Liquide Mains Palmolive Fleur de Jasmin Recharge 1L";"savon-liquide-mains-palmolive-fleur-de-jasmin-recharge-1l.jpg"
"1150";"Hygiène Corporelle";"Savon Liquide Mains Dettol Fleur de Jasmin 500ml";"savon-liquide-mains-dettol-fleur-de-jasmin-500ml.jpg"
"1151";"Hygiène Corporelle";"Savon Liquide Antibactérien Dettol Original 500ml";"savon-liquide-antibacterien-dettol-original-500ml.jpg"
"1152";"Hygiène Corporelle";"Savon Liquide Mains Palmolive Rose 500ml";"savon-liquide-mains-palmolive-rose-500ml.jpg"
"1153";"Hygiène Corporelle";"Savon Liquide Mains Palmolive Rose Recharge 1L";"savon-liquide-mains-palmolive-rose-recharge-1l.jpg"
"1154";"Hygiène Corporelle";"Savon Liquide Mains Dettol Rose 500ml";"savon-liquide-mains-dettol-rose-500ml.jpg"
"1155";"Hygiène Corporelle";"Savon Liquide Antibactérien Dettol Original 500ml";"savon-liquide-antibacterien-dettol-original-500ml.jpg"
"1156";"Hygiène Corporelle";"Savon Liquide Mains Palmolive Lavande 500ml";"savon-liquide-mains-palmolive-lavande-500ml.jpg"
"1157";"Hygiène Corporelle";"Savon Liquide Mains Palmolive Lavande Recharge 1L";"savon-liquide-mains-palmolive-lavande-recharge-1l.jpg"
"1158";"Hygiène Corporelle";"Savon Liquide Mains Dettol Lavande 500ml";"savon-liquide-mains-dettol-lavande-500ml.jpg"
"1159";"Hygiène Corporelle";"Savon Liquide Antibactérien Dettol Original 500ml";"savon-liquide-antibacterien-dettol-original-500ml.jpg"
"1160";"Hygiène Corporelle";"Savon Liquide Mains Palmolive Miel 500ml";"savon-liquide-mains-palmolive-miel-500ml.jpg"
"1161";"Hygiène Corporelle";"Savon Liquide Mains Palmolive Miel Recharge 1L";"savon-liquide-mains-palmolive-miel-recharge-1l.jpg"
"1162";"Hygiène Corporelle";"Savon Liquide Mains Dettol Miel 500ml";"savon-liquide-mains-dettol-miel-500ml.jpg"
"1163";"Hygiène Corporelle";"Savon Liquide Antibactérien Dettol Original 500ml";"savon-liquide-antibacterien-dettol-original-500ml.jpg"
"1164";"Hygiène Corporelle";"Savon Liquide Mains Palmolive Lait d'Amande 500ml";"savon-liquide-mains-palmolive-lait-d-amande-500ml.jpg"
"1165";"Hygiène Corporelle";"Savon Liquide Mains Palmolive Lait d'Amande Recharge 1L";"savon-liquide-mains-palmolive-lait-d-amande-recharge-1l.jpg"
"1166";"Hygiène Corporelle";"Savon Liquide Mains Dettol Lait d'Amande 500ml";"savon-liquide-mains-dettol-lait-d-amande-500ml.jpg"
"1167";"Hygiène Corporelle";"Savon Liquide Antibactérien Dettol Original 500ml";"savon-liquide-antibacterien-dettol-original-500ml.jpg"
"1168";"Hygiène Corporelle";"Savon Liquide Mains Palmolive Coco 500ml";"savon-liquide-mains-palmolive-coco-500ml.jpg"
"1169";"Hygiène Corporelle";"Savon Liquide Mains Palmolive Coco Recharge 1L";"savon-liquide-mains-palmolive-coco-recharge-1l.jpg"
"1170";"Hygiène Corporelle";"Savon Liquide Mains Dettol Coco 500ml";"savon-liquide-mains-dettol-coco-500ml.jpg"
"1171";"Hygiène Corporelle";"Savon Liquide Antibactérien Dettol Original 500ml";"savon-liquide-antibacterien-dettol-original-500ml.jpg"
"1172";"Hygiène Corporelle";"Savon Moussant Flacon Pompe 500ml";"savon-moussant-flacon-pompe-500ml.jpg"
"1173";"Hygiène Corporelle";"Savon Solide Taous (Unité 125g)";"savon-solide-taous-unite-125g.jpg"
"1174";"Hygiène Corporelle";"Savon Solide Taous (Lot de 4)";"savon-solide-taous-lot-de-4.jpg"
"1175";"Hygiène Corporelle";"Savon Solide Taous (Lot de 8)";"savon-solide-taous-lot-de-8.jpg"
"1176";"Hygiène Corporelle";"Savon Solide Lux (Unité 125g)";"savon-solide-lux-unite-125g.jpg"
"1177";"Hygiène Corporelle";"Savon Solide Lux (Lot de 4)";"savon-solide-lux-lot-de-4.jpg"
"1178";"Hygiène Corporelle";"Savon Solide Lux (Lot de 8)";"savon-solide-lux-lot-de-8.jpg"
"1179";"Hygiène Corporelle";"Savon Solide Dove Original (Unité 125g)";"savon-solide-dove-original-unite-125g.jpg"
"1180";"Hygiène Corporelle";"Savon Solide Dove Original (Lot de 4)";"savon-solide-dove-original-lot-de-4.jpg"
"1181";"Hygiène Corporelle";"Savon Solide Dove Original (Lot de 8)";"savon-solide-dove-original-lot-de-8.jpg"
"1182";"Hygiène Corporelle";"Savon Solide Dove Pivoine (Unité 125g)";"savon-solide-dove-pivoine-unite-125g.jpg"
"1183";"Hygiène Corporelle";"Savon Solide Dove Pivoine (Lot de 4)";"savon-solide-dove-pivoine-lot-de-4.jpg"
"1184";"Hygiène Corporelle";"Savon Solide Dove Pivoine (Lot de 8)";"savon-solide-dove-pivoine-lot-de-8.jpg"
"1185";"Hygiène Corporelle";"Savon Solide Dove Noix de Coco (Unité 125g)";"savon-solide-dove-noix-de-coco-unite-125g.jpg"
"1186";"Hygiène Corporelle";"Savon Solide Dove Noix de Coco (Lot de 4)";"savon-solide-dove-noix-de-coco-lot-de-4.jpg"
"1187";"Hygiène Corporelle";"Savon Solide Dove Noix de Coco (Lot de 8)";"savon-solide-dove-noix-de-coco-lot-de-8.jpg"
"1188";"Hygiène Corporelle";"Savon Solide Palmolive Classique (Unité 125g)";"savon-solide-palmolive-classique-unite-125g.jpg"
"1189";"Hygiène Corporelle";"Savon Solide Palmolive Classique (Lot de 4)";"savon-solide-palmolive-classique-lot-de-4.jpg"
"1190";"Hygiène Corporelle";"Savon Solide Palmolive Classique (Lot de 8)";"savon-solide-palmolive-classique-lot-de-8.jpg"
"1191";"Hygiène Corporelle";"Savon Solide Palmolive Aloe (Unité 125g)";"savon-solide-palmolive-aloe-unite-125g.jpg"
"1192";"Hygiène Corporelle";"Savon Solide Palmolive Aloe (Lot de 4)";"savon-solide-palmolive-aloe-lot-de-4.jpg"
"1193";"Hygiène Corporelle";"Savon Solide Palmolive Aloe (Lot de 8)";"savon-solide-palmolive-aloe-lot-de-8.jpg"
"1194";"Hygiène Corporelle";"Savon Solide Fa (Unité 125g)";"savon-solide-fa-unite-125g.jpg"
"1195";"Hygiène Corporelle";"Savon Solide Fa (Lot de 4)";"savon-solide-fa-lot-de-4.jpg"
"1196";"Hygiène Corporelle";"Savon Solide Fa (Lot de 8)";"savon-solide-fa-lot-de-8.jpg"
"1197";"Hygiène Corporelle";"Savon Solide Lifebuoy (Unité 125g)";"savon-solide-lifebuoy-unite-125g.jpg"
"1198";"Hygiène Corporelle";"Savon Solide Lifebuoy (Lot de 4)";"savon-solide-lifebuoy-lot-de-4.jpg"
"1199";"Hygiène Corporelle";"Savon Solide Lifebuoy (Lot de 8)";"savon-solide-lifebuoy-lot-de-8.jpg"
"1200";"Hygiène Corporelle";"Savon Solide Mydal (Unité 125g)";"savon-solide-mydal-unite-125g.jpg"
"1201";"Hygiène Corporelle";"Savon Solide Mydal (Lot de 4)";"savon-solide-mydal-lot-de-4.jpg"
"1202";"Hygiène Corporelle";"Savon Solide Mydal (Lot de 8)";"savon-solide-mydal-lot-de-8.jpg"
"1203";"Hygiène Corporelle";"Gel Douche Palmolive Lait d'Avoine 250ml";"gel-douche-palmolive-lait-d-avoine-250ml.jpg"
"1204";"Hygiène Corporelle";"Gel Douche Palmolive Lait d'Avoine 500ml";"gel-douche-palmolive-lait-d-avoine-500ml.jpg"
"1205";"Hygiène Corporelle";"Gel Douche Palmolive Lait d'Avoine 1L";"gel-douche-palmolive-lait-d-avoine-1l.jpg"
"1206";"Hygiène Corporelle";"Gel Douche Palmolive Original 250ml";"gel-douche-palmolive-original-250ml.jpg"
"1207";"Hygiène Corporelle";"Gel Douche Palmolive Original 500ml";"gel-douche-palmolive-original-500ml.jpg"
"1208";"Hygiène Corporelle";"Gel Douche Palmolive Original 1L";"gel-douche-palmolive-original-1l.jpg"
"1209";"Hygiène Corporelle";"Gel Douche Palmolive Jasmin 250ml";"gel-douche-palmolive-jasmin-250ml.jpg"
"1210";"Hygiène Corporelle";"Gel Douche Palmolive Jasmin 500ml";"gel-douche-palmolive-jasmin-500ml.jpg"
"1211";"Hygiène Corporelle";"Gel Douche Palmolive Jasmin 1L";"gel-douche-palmolive-jasmin-1l.jpg"
"1212";"Hygiène Corporelle";"Gel Douche Palmolive Fleur d'Oranger 250ml";"gel-douche-palmolive-fleur-d-oranger-250ml.jpg"
"1213";"Hygiène Corporelle";"Gel Douche Palmolive Fleur d'Oranger 500ml";"gel-douche-palmolive-fleur-d-oranger-500ml.jpg"
"1214";"Hygiène Corporelle";"Gel Douche Palmolive Fleur d'Oranger 1L";"gel-douche-palmolive-fleur-d-oranger-1l.jpg"
"1215";"Hygiène Corporelle";"Gel Douche Palmolive Coco 250ml";"gel-douche-palmolive-coco-250ml.jpg"
"1216";"Hygiène Corporelle";"Gel Douche Palmolive Coco 500ml";"gel-douche-palmolive-coco-500ml.jpg"
"1217";"Hygiène Corporelle";"Gel Douche Palmolive Coco 1L";"gel-douche-palmolive-coco-1l.jpg"
"1218";"Hygiène Corporelle";"Gel Douche Palmolive Grenade 250ml";"gel-douche-palmolive-grenade-250ml.jpg"
"1219";"Hygiène Corporelle";"Gel Douche Palmolive Grenade 500ml";"gel-douche-palmolive-grenade-500ml.jpg"
"1220";"Hygiène Corporelle";"Gel Douche Palmolive Grenade 1L";"gel-douche-palmolive-grenade-1l.jpg"
"1221";"Hygiène Corporelle";"Gel Douche Palmolive Lavande 250ml";"gel-douche-palmolive-lavande-250ml.jpg"
"1222";"Hygiène Corporelle";"Gel Douche Palmolive Lavande 500ml";"gel-douche-palmolive-lavande-500ml.jpg"
"1223";"Hygiène Corporelle";"Gel Douche Palmolive Lavande 1L";"gel-douche-palmolive-lavande-1l.jpg"
"1224";"Hygiène Corporelle";"Gel Douche Palmolive Noisette 250ml";"gel-douche-palmolive-noisette-250ml.jpg"
"1225";"Hygiène Corporelle";"Gel Douche Palmolive Noisette 500ml";"gel-douche-palmolive-noisette-500ml.jpg"
"1226";"Hygiène Corporelle";"Gel Douche Palmolive Noisette 1L";"gel-douche-palmolive-noisette-1l.jpg"
"1227";"Hygiène Corporelle";"Gel Douche Palmolive Café 250ml";"gel-douche-palmolive-cafe-250ml.jpg"
"1228";"Hygiène Corporelle";"Gel Douche Palmolive Café 500ml";"gel-douche-palmolive-cafe-500ml.jpg"
"1229";"Hygiène Corporelle";"Gel Douche Palmolive Café 1L";"gel-douche-palmolive-cafe-1l.jpg"
"1230";"Hygiène Corporelle";"Gel Douche Palmolive Fraîcheur Marine 250ml";"gel-douche-palmolive-fraicheur-marine-250ml.jpg"
"1231";"Hygiène Corporelle";"Gel Douche Palmolive Fraîcheur Marine 500ml";"gel-douche-palmolive-fraicheur-marine-500ml.jpg"
"1232";"Hygiène Corporelle";"Gel Douche Palmolive Fraîcheur Marine 1L";"gel-douche-palmolive-fraicheur-marine-1l.jpg"
"1233";"Hygiène Corporelle";"Gel Douche Fa Aqua Pure 250ml";"gel-douche-fa-aqua-pure-250ml.jpg"
"1234";"Hygiène Corporelle";"Gel Douche Fa Aqua Pure 500ml";"gel-douche-fa-aqua-pure-500ml.jpg"
"1235";"Hygiène Corporelle";"Gel Douche Fa Fresh 250ml";"gel-douche-fa-fresh-250ml.jpg"
"1236";"Hygiène Corporelle";"Gel Douche Fa Fresh 500ml";"gel-douche-fa-fresh-500ml.jpg"
"1237";"Hygiène Corporelle";"Gel Douche Fa Active 250ml";"gel-douche-fa-active-250ml.jpg"
"1238";"Hygiène Corporelle";"Gel Douche Fa Active 500ml";"gel-douche-fa-active-500ml.jpg"
"1239";"Hygiène Corporelle";"Gel Douche Fa Aloe Vera 250ml";"gel-douche-fa-aloe-vera-250ml.jpg"
"1240";"Hygiène Corporelle";"Gel Douche Fa Aloe Vera 500ml";"gel-douche-fa-aloe-vera-500ml.jpg"
"1241";"Hygiène Corporelle";"Gel Douche Fa Coton 250ml";"gel-douche-fa-coton-250ml.jpg"
"1242";"Hygiène Corporelle";"Gel Douche Fa Coton 500ml";"gel-douche-fa-coton-500ml.jpg"
"1243";"Hygiène Corporelle";"Gel Douche Fa Océan 250ml";"gel-douche-fa-ocean-250ml.jpg"
"1244";"Hygiène Corporelle";"Gel Douche Fa Océan 500ml";"gel-douche-fa-ocean-500ml.jpg"
"1245";"Hygiène Corporelle";"Gel Douche Dove Original 250ml";"gel-douche-dove-original-250ml.jpg"
"1246";"Hygiène Corporelle";"Gel Douche Dove Original 500ml";"gel-douche-dove-original-500ml.jpg"
"1247";"Hygiène Corporelle";"Gel Douche Dove Pivoine 250ml";"gel-douche-dove-pivoine-250ml.jpg"
"1248";"Hygiène Corporelle";"Gel Douche Dove Pivoine 500ml";"gel-douche-dove-pivoine-500ml.jpg"
"1249";"Hygiène Corporelle";"Gel Douche Dove Rêve Indulgent 250ml";"gel-douche-dove-reve-indulgent-250ml.jpg"
"1250";"Hygiène Corporelle";"Gel Douche Dove Rêve Indulgent 500ml";"gel-douche-dove-reve-indulgent-500ml.jpg"
"1251";"Hygiène Corporelle";"Gel Douche Dove Beurre de Karité 250ml";"gel-douche-dove-beurre-de-karite-250ml.jpg"
"1252";"Hygiène Corporelle";"Gel Douche Dove Beurre de Karité 500ml";"gel-douche-dove-beurre-de-karite-500ml.jpg"
"1253";"Hygiène Corporelle";"Gel Douche Dove Aloe 250ml";"gel-douche-dove-aloe-250ml.jpg"
"1254";"Hygiène Corporelle";"Gel Douche Dove Aloe 500ml";"gel-douche-dove-aloe-500ml.jpg"
"1255";"Hygiène Corporelle";"Gel Douche Dove Miel 250ml";"gel-douche-dove-miel-250ml.jpg"
"1256";"Hygiène Corporelle";"Gel Douche Dove Miel 500ml";"gel-douche-dove-miel-500ml.jpg"
"1257";"Hygiène Corporelle";"Gel Douche Nivea Noix de Coco 250ml";"gel-douche-nivea-noix-de-coco-250ml.jpg"
"1258";"Hygiène Corporelle";"Gel Douche Nivea Noix de Coco 500ml";"gel-douche-nivea-noix-de-coco-500ml.jpg"
"1259";"Hygiène Corporelle";"Gel Douche Nivea Noix de Coco Format Familial 1L";"gel-douche-nivea-noix-de-coco-format-familial-1l.jpg"
"1260";"Hygiène Corporelle";"Gel Douche Nivea Cocoa Butter 250ml";"gel-douche-nivea-cocoa-butter-250ml.jpg"
"1261";"Hygiène Corporelle";"Gel Douche Nivea Cocoa Butter 500ml";"gel-douche-nivea-cocoa-butter-500ml.jpg"
"1262";"Hygiène Corporelle";"Gel Douche Nivea Cocoa Butter Format Familial 1L";"gel-douche-nivea-cocoa-butter-format-familial-1l.jpg"
"1263";"Hygiène Corporelle";"Gel Douche Nivea Fleurs de Coton 250ml";"gel-douche-nivea-fleurs-de-coton-250ml.jpg"
"1264";"Hygiène Corporelle";"Gel Douche Nivea Fleurs de Coton 500ml";"gel-douche-nivea-fleurs-de-coton-500ml.jpg"
"1265";"Hygiène Corporelle";"Gel Douche Nivea Fleurs de Coton Format Familial 1L";"gel-douche-nivea-fleurs-de-coton-format-familial-1l.jpg"
"1266";"Hygiène Corporelle";"Gel Douche Nivea Lait d'Avoine 250ml";"gel-douche-nivea-lait-d-avoine-250ml.jpg"
"1267";"Hygiène Corporelle";"Gel Douche Nivea Lait d'Avoine 500ml";"gel-douche-nivea-lait-d-avoine-500ml.jpg"
"1268";"Hygiène Corporelle";"Gel Douche Nivea Lait d'Avoine Format Familial 1L";"gel-douche-nivea-lait-d-avoine-format-familial-1l.jpg"
"1269";"Hygiène Corporelle";"Gel Douche Nivea Minéral 250ml";"gel-douche-nivea-mineral-250ml.jpg"
"1270";"Hygiène Corporelle";"Gel Douche Nivea Minéral 500ml";"gel-douche-nivea-mineral-500ml.jpg"
"1271";"Hygiène Corporelle";"Gel Douche Nivea Minéral Format Familial 1L";"gel-douche-nivea-mineral-format-familial-1l.jpg"
"1272";"Hygiène Corporelle";"Gel Douche Nivea Fraîcheur Extrême 250ml";"gel-douche-nivea-fraicheur-extreme-250ml.jpg"
"1273";"Hygiène Corporelle";"Gel Douche Nivea Fraîcheur Extrême 500ml";"gel-douche-nivea-fraicheur-extreme-500ml.jpg"
"1274";"Hygiène Corporelle";"Gel Douche Nivea Fraîcheur Extrême Format Familial 1L";"gel-douche-nivea-fraicheur-extreme-format-familial-1l.jpg"
"1275";"Hygiène Corporelle";"Gel Douche Nivea Coco & Jacaranda 250ml";"gel-douche-nivea-coco-jacaranda-250ml.jpg"
"1276";"Hygiène Corporelle";"Gel Douche Nivea Coco & Jacaranda 500ml";"gel-douche-nivea-coco-jacaranda-500ml.jpg"
"1277";"Hygiène Corporelle";"Gel Douche Nivea Coco & Jacaranda Format Familial 1L";"gel-douche-nivea-coco-jacaranda-format-familial-1l.jpg"
"1278";"Hygiène Corporelle";"Gel Douche Gommant Exfoliant 200ml";"gel-douche-gommant-exfoliant-200ml.jpg"
"1279";"Hygiène Corporelle";"Savon Noir Beldi 250g";"savon-noir-beldi-250g.jpg"
"1280";"Hygiène Corporelle";"Gant de Hammam Kessa x1";"gant-de-hammam-kessa-x1.jpg"
"1281";"Hygiène Corporelle";"Luffa Éponge Végétale x1";"luffa-eponge-vegetale-x1.jpg"
"1282";"Hygiène Corporelle";"Lait Hydratant Corps Palmolive Lait Hydratant 250ml";"lait-hydratant-corps-palmolive-lait-hydratant-250ml.jpg"
"1283";"Hygiène Corporelle";"Lait Hydratant Corps Palmolive Lait Hydratant 400ml";"lait-hydratant-corps-palmolive-lait-hydratant-400ml.jpg"
"1284";"Hygiène Corporelle";"Crème Corps Nivea Lait Hydratant 250ml";"creme-corps-nivea-lait-hydratant-250ml.jpg"
"1285";"Hygiène Corporelle";"Crème Corps Nivea Lait Hydratant 400ml";"creme-corps-nivea-lait-hydratant-400ml.jpg"
"1286";"Hygiène Corporelle";"Crème Corps Dove Lait Hydratant 250ml";"creme-corps-dove-lait-hydratant-250ml.jpg"
"1287";"Hygiène Corporelle";"Lait Hydratant Corps Palmolive Cacao et Karité 250ml";"lait-hydratant-corps-palmolive-cacao-et-karite-250ml.jpg"
"1288";"Hygiène Corporelle";"Lait Hydratant Corps Palmolive Cacao et Karité 400ml";"lait-hydratant-corps-palmolive-cacao-et-karite-400ml.jpg"
"1289";"Hygiène Corporelle";"Crème Corps Nivea Cacao et Karité 250ml";"creme-corps-nivea-cacao-et-karite-250ml.jpg"
"1290";"Hygiène Corporelle";"Crème Corps Nivea Cacao et Karité 400ml";"creme-corps-nivea-cacao-et-karite-400ml.jpg"
"1291";"Hygiène Corporelle";"Crème Corps Dove Cacao et Karité 250ml";"creme-corps-dove-cacao-et-karite-250ml.jpg"
"1292";"Hygiène Corporelle";"Lait Hydratant Corps Palmolive Pivoine 250ml";"lait-hydratant-corps-palmolive-pivoine-250ml.jpg"
"1293";"Hygiène Corporelle";"Lait Hydratant Corps Palmolive Pivoine 400ml";"lait-hydratant-corps-palmolive-pivoine-400ml.jpg"
"1294";"Hygiène Corporelle";"Crème Corps Nivea Pivoine 250ml";"creme-corps-nivea-pivoine-250ml.jpg"
"1295";"Hygiène Corporelle";"Crème Corps Nivea Pivoine 400ml";"creme-corps-nivea-pivoine-400ml.jpg"
"1296";"Hygiène Corporelle";"Crème Corps Dove Pivoine 250ml";"creme-corps-dove-pivoine-250ml.jpg"
"1297";"Hygiène Corporelle";"Lait Hydratant Corps Palmolive Aloe Vera 250ml";"lait-hydratant-corps-palmolive-aloe-vera-250ml.jpg"
"1298";"Hygiène Corporelle";"Lait Hydratant Corps Palmolive Aloe Vera 400ml";"lait-hydratant-corps-palmolive-aloe-vera-400ml.jpg"
"1299";"Hygiène Corporelle";"Crème Corps Nivea Aloe Vera 250ml";"creme-corps-nivea-aloe-vera-250ml.jpg"
"1300";"Hygiène Corporelle";"Crème Corps Nivea Aloe Vera 400ml";"creme-corps-nivea-aloe-vera-400ml.jpg"
"1301";"Hygiène Corporelle";"Crème Corps Dove Aloe Vera 250ml";"creme-corps-dove-aloe-vera-250ml.jpg"
"1302";"Hygiène Corporelle";"Lait Hydratant Corps Palmolive Huile d'Argan 250ml";"lait-hydratant-corps-palmolive-huile-d-argan-250ml.jpg"
"1303";"Hygiène Corporelle";"Lait Hydratant Corps Palmolive Huile d'Argan 400ml";"lait-hydratant-corps-palmolive-huile-d-argan-400ml.jpg"
"1304";"Hygiène Corporelle";"Crème Corps Nivea Huile d'Argan 250ml";"creme-corps-nivea-huile-d-argan-250ml.jpg"
"1305";"Hygiène Corporelle";"Crème Corps Nivea Huile d'Argan 400ml";"creme-corps-nivea-huile-d-argan-400ml.jpg"
"1306";"Hygiène Corporelle";"Crème Corps Dove Huile d'Argan 250ml";"creme-corps-dove-huile-d-argan-250ml.jpg"
"1307";"Hygiène Corporelle";"Lait Hydratant Corps Palmolive Beurre de Karité 250ml";"lait-hydratant-corps-palmolive-beurre-de-karite-250ml.jpg"
"1308";"Hygiène Corporelle";"Lait Hydratant Corps Palmolive Beurre de Karité 400ml";"lait-hydratant-corps-palmolive-beurre-de-karite-400ml.jpg"
"1309";"Hygiène Corporelle";"Crème Corps Nivea Beurre de Karité 250ml";"creme-corps-nivea-beurre-de-karite-250ml.jpg"
"1310";"Hygiène Corporelle";"Crème Corps Nivea Beurre de Karité 400ml";"creme-corps-nivea-beurre-de-karite-400ml.jpg"
"1311";"Hygiène Corporelle";"Crème Corps Dove Beurre de Karité 250ml";"creme-corps-dove-beurre-de-karite-250ml.jpg"
"1312";"Hygiène Corporelle";"Lait Hydratant Corps Palmolive Oléo-Calcaire 250ml";"lait-hydratant-corps-palmolive-oleo-calcaire-250ml.jpg"
"1313";"Hygiène Corporelle";"Lait Hydratant Corps Palmolive Oléo-Calcaire 400ml";"lait-hydratant-corps-palmolive-oleo-calcaire-400ml.jpg"
"1314";"Hygiène Corporelle";"Crème Corps Nivea Oléo-Calcaire 250ml";"creme-corps-nivea-oleo-calcaire-250ml.jpg"
"1315";"Hygiène Corporelle";"Crème Corps Nivea Oléo-Calcaire 400ml";"creme-corps-nivea-oleo-calcaire-400ml.jpg"
"1316";"Hygiène Corporelle";"Crème Corps Dove Oléo-Calcaire 250ml";"creme-corps-dove-oleo-calcaire-250ml.jpg"
"1317";"Hygiène Corporelle";"Vaseline Pure Jelly 100ml";"vaseline-pure-jelly-100ml.jpg"
"1318";"Hygiène Corporelle";"Vaseline Pure Jelly 250ml";"vaseline-pure-jelly-250ml.jpg"
"1319";"Hygiène Corporelle";"Huile d'Argan Corps & Cheveux 250ml";"huile-d-argan-corps-cheveux-250ml.jpg"
"1320";"Hygiène Corporelle";"Huile d'Amande Douce 250ml";"huile-d-amande-douce-250ml.jpg"
"1321";"Hygiène Corporelle";"Dentifrice Colgate Original Blanc 75ml";"dentifrice-colgate-original-blanc-75ml.jpg"
"1322";"Hygiène Corporelle";"Dentifrice Colgate Original Blanc 125ml";"dentifrice-colgate-original-blanc-125ml.jpg"
"1323";"Hygiène Corporelle";"Dentifrice Signal Original Blanc 75ml";"dentifrice-signal-original-blanc-75ml.jpg"
"1324";"Hygiène Corporelle";"Dentifrice Signal Original Blanc 125ml";"dentifrice-signal-original-blanc-125ml.jpg"
"1325";"Hygiène Corporelle";"Dentifrice Colgate Total 75ml";"dentifrice-colgate-total-75ml.jpg"
"1326";"Hygiène Corporelle";"Dentifrice Colgate Total 125ml";"dentifrice-colgate-total-125ml.jpg"
"1327";"Hygiène Corporelle";"Dentifrice Signal Total 75ml";"dentifrice-signal-total-75ml.jpg"
"1328";"Hygiène Corporelle";"Dentifrice Signal Total 125ml";"dentifrice-signal-total-125ml.jpg"
"1329";"Hygiène Corporelle";"Dentifrice Colgate Whitenings Blancheur 75ml";"dentifrice-colgate-whitenings-blancheur-75ml.jpg"
"1330";"Hygiène Corporelle";"Dentifrice Colgate Whitenings Blancheur 125ml";"dentifrice-colgate-whitenings-blancheur-125ml.jpg"
"1331";"Hygiène Corporelle";"Dentifrice Signal Whitenings Blancheur 75ml";"dentifrice-signal-whitenings-blancheur-75ml.jpg"
"1332";"Hygiène Corporelle";"Dentifrice Signal Whitenings Blancheur 125ml";"dentifrice-signal-whitenings-blancheur-125ml.jpg"
"1333";"Hygiène Corporelle";"Dentifrice Colgate Gencives Sensibles 75ml";"dentifrice-colgate-gencives-sensibles-75ml.jpg"
"1334";"Hygiène Corporelle";"Dentifrice Colgate Gencives Sensibles 125ml";"dentifrice-colgate-gencives-sensibles-125ml.jpg"
"1335";"Hygiène Corporelle";"Dentifrice Signal Gencives Sensibles 75ml";"dentifrice-signal-gencives-sensibles-75ml.jpg"
"1336";"Hygiène Corporelle";"Dentifrice Signal Gencives Sensibles 125ml";"dentifrice-signal-gencives-sensibles-125ml.jpg"
"1337";"Hygiène Corporelle";"Dentifrice Colgate Expert Gencives 75ml";"dentifrice-colgate-expert-gencives-75ml.jpg"
"1338";"Hygiène Corporelle";"Dentifrice Colgate Expert Gencives 125ml";"dentifrice-colgate-expert-gencives-125ml.jpg"
"1339";"Hygiène Corporelle";"Dentifrice Signal Expert Gencives 75ml";"dentifrice-signal-expert-gencives-75ml.jpg"
"1340";"Hygiène Corporelle";"Dentifrice Signal Expert Gencives 125ml";"dentifrice-signal-expert-gencives-125ml.jpg"
"1341";"Hygiène Corporelle";"Dentifrice Colgate Charbon Actif 75ml";"dentifrice-colgate-charbon-actif-75ml.jpg"
"1342";"Hygiène Corporelle";"Dentifrice Colgate Charbon Actif 125ml";"dentifrice-colgate-charbon-actif-125ml.jpg"
"1343";"Hygiène Corporelle";"Dentifrice Signal Charbon Actif 75ml";"dentifrice-signal-charbon-actif-75ml.jpg"
"1344";"Hygiène Corporelle";"Dentifrice Signal Charbon Actif 125ml";"dentifrice-signal-charbon-actif-125ml.jpg"
"1345";"Hygiène Corporelle";"Dentifrice Colgate Fluor Intense 75ml";"dentifrice-colgate-fluor-intense-75ml.jpg"
"1346";"Hygiène Corporelle";"Dentifrice Colgate Fluor Intense 125ml";"dentifrice-colgate-fluor-intense-125ml.jpg"
"1347";"Hygiène Corporelle";"Dentifrice Signal Fluor Intense 75ml";"dentifrice-signal-fluor-intense-75ml.jpg"
"1348";"Hygiène Corporelle";"Dentifrice Signal Fluor Intense 125ml";"dentifrice-signal-fluor-intense-125ml.jpg"
"1349";"Hygiène Corporelle";"Dentifrice Colgate Enfants Fraise 75ml";"dentifrice-colgate-enfants-fraise-75ml.jpg"
"1350";"Hygiène Corporelle";"Dentifrice Colgate Enfants Fraise 125ml";"dentifrice-colgate-enfants-fraise-125ml.jpg"
"1351";"Hygiène Corporelle";"Dentifrice Signal Enfants Fraise 75ml";"dentifrice-signal-enfants-fraise-75ml.jpg"
"1352";"Hygiène Corporelle";"Dentifrice Signal Enfants Fraise 125ml";"dentifrice-signal-enfants-fraise-125ml.jpg"
"1353";"Hygiène Corporelle";"Dentifrice Colgate Enfants Bubble Gum 75ml";"dentifrice-colgate-enfants-bubble-gum-75ml.jpg"
"1354";"Hygiène Corporelle";"Dentifrice Colgate Enfants Bubble Gum 125ml";"dentifrice-colgate-enfants-bubble-gum-125ml.jpg"
"1355";"Hygiène Corporelle";"Dentifrice Signal Enfants Bubble Gum 75ml";"dentifrice-signal-enfants-bubble-gum-75ml.jpg"
"1356";"Hygiène Corporelle";"Dentifrice Signal Enfants Bubble Gum 125ml";"dentifrice-signal-enfants-bubble-gum-125ml.jpg"
"1357";"Hygiène Corporelle";"Dentifrice Fluocaril Bi-Fluoré 250 75ml";"dentifrice-fluocaril-bi-fluore-250-75ml.jpg"
"1358";"Hygiène Corporelle";"Dentifrice Fluocaril Bi-Fluoré 250 125ml";"dentifrice-fluocaril-bi-fluore-250-125ml.jpg"
"1359";"Hygiène Corporelle";"Dentifrice Elmex Caries Protection 75ml";"dentifrice-elmex-caries-protection-75ml.jpg"
"1360";"Hygiène Corporelle";"Brosse à Dents Classique Souple (Colgate x1)";"brosse-a-dents-classique-souple-colgate-x1.jpg"
"1361";"Hygiène Corporelle";"Brosse à Dents Classique Souple (Colgate Lot de 4)";"brosse-a-dents-classique-souple-colgate-lot-de-4.jpg"
"1362";"Hygiène Corporelle";"Brosse à Dents Classique Souple (Signal x1)";"brosse-a-dents-classique-souple-signal-x1.jpg"
"1363";"Hygiène Corporelle";"Brosse à Dents Classique Medium (Colgate x1)";"brosse-a-dents-classique-medium-colgate-x1.jpg"
"1364";"Hygiène Corporelle";"Brosse à Dents Classique Medium (Colgate Lot de 4)";"brosse-a-dents-classique-medium-colgate-lot-de-4.jpg"
"1365";"Hygiène Corporelle";"Brosse à Dents Classique Medium (Signal x1)";"brosse-a-dents-classique-medium-signal-x1.jpg"
"1366";"Hygiène Corporelle";"Brosse à Dents Medium (Colgate x1)";"brosse-a-dents-medium-colgate-x1.jpg"
"1367";"Hygiène Corporelle";"Brosse à Dents Medium (Colgate Lot de 4)";"brosse-a-dents-medium-colgate-lot-de-4.jpg"
"1368";"Hygiène Corporelle";"Brosse à Dents Medium (Signal x1)";"brosse-a-dents-medium-signal-x1.jpg"
"1369";"Hygiène Corporelle";"Brosse à Dents Junior 6-12 ans (Colgate x1)";"brosse-a-dents-junior-6-12-ans-colgate-x1.jpg"
"1370";"Hygiène Corporelle";"Brosse à Dents Junior 6-12 ans (Colgate Lot de 4)";"brosse-a-dents-junior-6-12-ans-colgate-lot-de-4.jpg"
"1371";"Hygiène Corporelle";"Brosse à Dents Junior 6-12 ans (Signal x1)";"brosse-a-dents-junior-6-12-ans-signal-x1.jpg"
"1372";"Hygiène Corporelle";"Brosse à Dents Enfants 3-6 ans (Colgate x1)";"brosse-a-dents-enfants-3-6-ans-colgate-x1.jpg"
"1373";"Hygiène Corporelle";"Brosse à Dents Enfants 3-6 ans (Colgate Lot de 4)";"brosse-a-dents-enfants-3-6-ans-colgate-lot-de-4.jpg"
"1374";"Hygiène Corporelle";"Brosse à Dents Enfants 3-6 ans (Signal x1)";"brosse-a-dents-enfants-3-6-ans-signal-x1.jpg"
"1375";"Hygiène Corporelle";"Bain de Bouche Listerine Total Care 500ml";"bain-de-bouche-listerine-total-care-500ml.jpg"
"1376";"Hygiène Corporelle";"Bain de Bouche Listerine Fraîcheur Glacier 500ml";"bain-de-bouche-listerine-fraicheur-glacier-500ml.jpg"
"1377";"Hygiène Corporelle";"Bain de Bouche Colgate Plax 500ml";"bain-de-bouche-colgate-plax-500ml.jpg"
"1378";"Hygiène Corporelle";"Bain de Bouche Diarh 500ml";"bain-de-bouche-diarh-500ml.jpg"
"1379";"Hygiène Corporelle";"Fil Dentaire Colgate x50m";"fil-dentaire-colgate-x50m.jpg"
"1380";"Hygiène Corporelle";"Shampooing Elsève L'Oréal Réparation Longs Cheveux 250ml";"shampooing-elseve-l-oreal-reparation-longs-cheveux-250ml.jpg"
"1381";"Hygiène Corporelle";"Shampooing Elsève L'Oréal Réparation Longs Cheveux 400ml";"shampooing-elseve-l-oreal-reparation-longs-cheveux-400ml.jpg"
"1382";"Hygiène Corporelle";"Après-Shampooing Elsève L'Oréal Réparation Longs Cheveux 250ml";"apres-shampooing-elseve-l-oreal-reparation-longs-cheveux-250ml.jpg"
"1383";"Hygiène Corporelle";"Shampooing Elsève L'Oréal Nutrition Intense 250ml";"shampooing-elseve-l-oreal-nutrition-intense-250ml.jpg"
"1384";"Hygiène Corporelle";"Shampooing Elsève L'Oréal Nutrition Intense 400ml";"shampooing-elseve-l-oreal-nutrition-intense-400ml.jpg"
"1385";"Hygiène Corporelle";"Après-Shampooing Elsève L'Oréal Nutrition Intense 250ml";"apres-shampooing-elseve-l-oreal-nutrition-intense-250ml.jpg"
"1386";"Hygiène Corporelle";"Shampooing Elsève L'Oréal Brillance et Volume 250ml";"shampooing-elseve-l-oreal-brillance-et-volume-250ml.jpg"
"1387";"Hygiène Corporelle";"Shampooing Elsève L'Oréal Brillance et Volume 400ml";"shampooing-elseve-l-oreal-brillance-et-volume-400ml.jpg"
"1388";"Hygiène Corporelle";"Après-Shampooing Elsève L'Oréal Brillance et Volume 250ml";"apres-shampooing-elseve-l-oreal-brillance-et-volume-250ml.jpg"
"1389";"Hygiène Corporelle";"Shampooing Elsève L'Oréal Lissage 250ml";"shampooing-elseve-l-oreal-lissage-250ml.jpg"
"1390";"Hygiène Corporelle";"Shampooing Elsève L'Oréal Lissage 400ml";"shampooing-elseve-l-oreal-lissage-400ml.jpg"
"1391";"Hygiène Corporelle";"Après-Shampooing Elsève L'Oréal Lissage 250ml";"apres-shampooing-elseve-l-oreal-lissage-250ml.jpg"
"1392";"Hygiène Corporelle";"Shampooing Elsève L'Oréal Kératine 250ml";"shampooing-elseve-l-oreal-keratine-250ml.jpg"
"1393";"Hygiène Corporelle";"Shampooing Elsève L'Oréal Kératine 400ml";"shampooing-elseve-l-oreal-keratine-400ml.jpg"
"1394";"Hygiène Corporelle";"Après-Shampooing Elsève L'Oréal Kératine 250ml";"apres-shampooing-elseve-l-oreal-keratine-250ml.jpg"
"1395";"Hygiène Corporelle";"Shampooing Elsève L'Oréal Huile d'Argan 250ml";"shampooing-elseve-l-oreal-huile-d-argan-250ml.jpg"
"1396";"Hygiène Corporelle";"Shampooing Elsève L'Oréal Huile d'Argan 400ml";"shampooing-elseve-l-oreal-huile-d-argan-400ml.jpg"
"1397";"Hygiène Corporelle";"Après-Shampooing Elsève L'Oréal Huile d'Argan 250ml";"apres-shampooing-elseve-l-oreal-huile-d-argan-250ml.jpg"
"1398";"Hygiène Corporelle";"Shampooing Elsève L'Oréal Anti-Chute 250ml";"shampooing-elseve-l-oreal-anti-chute-250ml.jpg"
"1399";"Hygiène Corporelle";"Shampooing Elsève L'Oréal Anti-Chute 400ml";"shampooing-elseve-l-oreal-anti-chute-400ml.jpg"
"1400";"Hygiène Corporelle";"Après-Shampooing Elsève L'Oréal Anti-Chute 250ml";"apres-shampooing-elseve-l-oreal-anti-chute-250ml.jpg"
"1401";"Hygiène Corporelle";"Shampooing Elsève L'Oréal Huile de Ricin 250ml";"shampooing-elseve-l-oreal-huile-de-ricin-250ml.jpg"
"1402";"Hygiène Corporelle";"Shampooing Elsève L'Oréal Huile de Ricin 400ml";"shampooing-elseve-l-oreal-huile-de-ricin-400ml.jpg"
"1403";"Hygiène Corporelle";"Après-Shampooing Elsève L'Oréal Huile de Ricin 250ml";"apres-shampooing-elseve-l-oreal-huile-de-ricin-250ml.jpg"
"1404";"Hygiène Corporelle";"Shampooing Head & Shoulders Classic Clean 250ml";"shampooing-head-shoulders-classic-clean-250ml.jpg"
"1405";"Hygiène Corporelle";"Shampooing Head & Shoulders Classic Clean 400ml";"shampooing-head-shoulders-classic-clean-400ml.jpg"
"1406";"Hygiène Corporelle";"Shampooing Head & Shoulders Argan Oil 250ml";"shampooing-head-shoulders-argan-oil-250ml.jpg"
"1407";"Hygiène Corporelle";"Shampooing Head & Shoulders Argan Oil 400ml";"shampooing-head-shoulders-argan-oil-400ml.jpg"
"1408";"Hygiène Corporelle";"Shampooing Head & Shoulders Smooth & Silky 250ml";"shampooing-head-shoulders-smooth-silky-250ml.jpg"
"1409";"Hygiène Corporelle";"Shampooing Head & Shoulders Smooth & Silky 400ml";"shampooing-head-shoulders-smooth-silky-400ml.jpg"
"1410";"Hygiène Corporelle";"Shampooing Head & Shoulders Anti-Pelliculaire 250ml";"shampooing-head-shoulders-anti-pelliculaire-250ml.jpg"
"1411";"Hygiène Corporelle";"Shampooing Head & Shoulders Anti-Pelliculaire 400ml";"shampooing-head-shoulders-anti-pelliculaire-400ml.jpg"
"1412";"Hygiène Corporelle";"Shampooing Head & Shoulders Strenght & Length 250ml";"shampooing-head-shoulders-strenght-length-250ml.jpg"
"1413";"Hygiène Corporelle";"Shampooing Head & Shoulders Strenght & Length 400ml";"shampooing-head-shoulders-strenght-length-400ml.jpg"
"1414";"Hygiène Corporelle";"Shampooing Head & Shoulders Detox & Hydratation 250ml";"shampooing-head-shoulders-detox-hydratation-250ml.jpg"
"1415";"Hygiène Corporelle";"Shampooing Head & Shoulders Detox & Hydratation 400ml";"shampooing-head-shoulders-detox-hydratation-400ml.jpg"
"1416";"Hygiène Corporelle";"Shampooing Head & Shoulders Hair Fall Resist 250ml";"shampooing-head-shoulders-hair-fall-resist-250ml.jpg"
"1417";"Hygiène Corporelle";"Shampooing Head & Shoulders Hair Fall Resist 400ml";"shampooing-head-shoulders-hair-fall-resist-400ml.jpg"
"1418";"Hygiène Corporelle";"Shampooing Pantene Pro-V Brillance & Lisse 250ml";"shampooing-pantene-pro-v-brillance-lisse-250ml.jpg"
"1419";"Hygiène Corporelle";"Shampooing Pantene Pro-V Brillance & Lisse 400ml";"shampooing-pantene-pro-v-brillance-lisse-400ml.jpg"
"1420";"Hygiène Corporelle";"Shampooing Pantene Pro-V Anti-Casse Volume 250ml";"shampooing-pantene-pro-v-anti-casse-volume-250ml.jpg"
"1421";"Hygiène Corporelle";"Shampooing Pantene Pro-V Anti-Casse Volume 400ml";"shampooing-pantene-pro-v-anti-casse-volume-400ml.jpg"
"1422";"Hygiène Corporelle";"Shampooing Pantene Pro-V Nutrition Profonde 250ml";"shampooing-pantene-pro-v-nutrition-profonde-250ml.jpg"
"1423";"Hygiène Corporelle";"Shampooing Pantene Pro-V Nutrition Profonde 400ml";"shampooing-pantene-pro-v-nutrition-profonde-400ml.jpg"
"1424";"Hygiène Corporelle";"Shampooing Pantene Pro-V Réparation Ultime 250ml";"shampooing-pantene-pro-v-reparation-ultime-250ml.jpg"
"1425";"Hygiène Corporelle";"Shampooing Pantene Pro-V Réparation Ultime 400ml";"shampooing-pantene-pro-v-reparation-ultime-400ml.jpg"
"1426";"Hygiène Corporelle";"Shampooing Garnier Ultra Doux Bain de Shampoing Grenade 250ml";"shampooing-garnier-ultra-doux-bain-de-shampoing-grenade-250ml.jpg"
"1427";"Hygiène Corporelle";"Shampooing Garnier Ultra Doux Bain de Shampoing Grenade 400ml";"shampooing-garnier-ultra-doux-bain-de-shampoing-grenade-400ml.jpg"
"1428";"Hygiène Corporelle";"Shampooing Garnier Ultra Doux Bain de Shampoing Huile d'Olive 250ml";"shampooing-garnier-ultra-doux-bain-de-shampoing-huile-d-olive-250ml.jpg"
"1429";"Hygiène Corporelle";"Shampooing Garnier Ultra Doux Bain de Shampoing Huile d'Olive 400ml";"shampooing-garnier-ultra-doux-bain-de-shampoing-huile-d-olive-400ml.jpg"
"1430";"Hygiène Corporelle";"Shampooing Garnier Ultra Doux Shampoing Karité 250ml";"shampooing-garnier-ultra-doux-shampoing-karite-250ml.jpg"
"1431";"Hygiène Corporelle";"Shampooing Garnier Ultra Doux Shampoing Karité 400ml";"shampooing-garnier-ultra-doux-shampoing-karite-400ml.jpg"
"1432";"Hygiène Corporelle";"Shampooing Garnier Ultra Doux Shampoing Nourricier Coco 250ml";"shampooing-garnier-ultra-doux-shampoing-nourricier-coco-250ml.jpg"
"1433";"Hygiène Corporelle";"Shampooing Garnier Ultra Doux Shampoing Nourricier Coco 400ml";"shampooing-garnier-ultra-doux-shampoing-nourricier-coco-400ml.jpg"
"1434";"Hygiène Corporelle";"Shampooing Garnier Ultra Doux Shampoing Ultra Doux Bébé 250ml";"shampooing-garnier-ultra-doux-shampoing-ultra-doux-bebe-250ml.jpg"
"1435";"Hygiène Corporelle";"Shampooing Garnier Ultra Doux Shampoing Ultra Doux Bébé 400ml";"shampooing-garnier-ultra-doux-shampoing-ultra-doux-bebe-400ml.jpg"
"1436";"Hygiène Corporelle";"Shampooing Garnier Ultra Doux Shampoing Miel & Fleur d'Oranger 250ml";"shampooing-garnier-ultra-doux-shampoing-miel-fleur-d-oranger-250ml.jpg"
"1437";"Hygiène Corporelle";"Shampooing Garnier Ultra Doux Shampoing Miel & Fleur d'Oranger 400ml";"shampooing-garnier-ultra-doux-shampoing-miel-fleur-d-oranger-400ml.jpg"
"1438";"Hygiène Corporelle";"Shampoing Sec Batiste Original 200ml";"shampoing-sec-batiste-original-200ml.jpg"
"1439";"Hygiène Corporelle";"Masque Réparateur Cheveux 250ml";"masque-reparateur-cheveux-250ml.jpg"
"1440";"Hygiène Corporelle";"Huile de Cheveux Huile Prodige Elsève 100ml";"huile-de-cheveux-huile-prodige-elseve-100ml.jpg"
"1441";"Hygiène Corporelle";"Crème Visage Nivea Soft Pot 100ml";"creme-visage-nivea-soft-pot-100ml.jpg"
"1442";"Hygiène Corporelle";"Crème Visage Nivea Creme Original Pot 100ml";"creme-visage-nivea-creme-original-pot-100ml.jpg"
"1443";"Hygiène Corporelle";"Crème Visage Hydratante Nivea Aqua 24h 50ml";"creme-visage-hydratante-nivea-aqua-24h-50ml.jpg"
"1444";"Hygiène Corporelle";"Crème Visage Mixa Peaux Sensibles 50ml";"creme-visage-mixa-peaux-sensibles-50ml.jpg"
"1445";"Hygiène Corporelle";"Crème Solaire Visage Nivea SPF 30 50ml";"creme-solaire-visage-nivea-spf-30-50ml.jpg"
"1446";"Hygiène Corporelle";"Crème Solaire Corps Nivea SPF 30 200ml";"creme-solaire-corps-nivea-spf-30-200ml.jpg"
"1447";"Hygiène Corporelle";"Crème Solaire Indice 50 200ml";"creme-solaire-indice-50-200ml.jpg"
"1448";"Hygiène Corporelle";"Brume Solaire Sèche SPF 30 200ml";"brume-solaire-seche-spf-30-200ml.jpg"
"1449";"Hygiène Corporelle";"Après-Soleil Réparateur 200ml";"apres-soleil-reparateur-200ml.jpg"
"1450";"Hygiène Corporelle";"Eau Micellaire Démaquillante 400ml";"eau-micellaire-demaquillante-400ml.jpg"
"1451";"Hygiène Corporelle";"Lait Démaquillant 400ml";"lait-demaquillant-400ml.jpg"
"1452";"Hygiène Corporelle";"Lingettes Démaquillantes x25";"lingettes-demaquillantes-x25.jpg"
"1453";"Hygiène Corporelle";"Baume à Lèvres Nivea Cherry (x1)";"baume-a-levres-nivea-cherry-x1.jpg"
"1454";"Hygiène Corporelle";"Baume à Lèvres Nivea Original (x1)";"baume-a-levres-nivea-original-x1.jpg"
"1455";"Hygiène Corporelle";"Baume à Lèvres Nivea Aloe Vera (x1)";"baume-a-levres-nivea-aloe-vera-x1.jpg"
"1456";"Hygiène Corporelle";"Stick Solaire Lèvres SPF 30";"stick-solaire-levres-spf-30.jpg"
"1457";"Hygiène Corporelle";"Déodorant Spray Nivea Men Invisible Dry 150ml";"deodorant-spray-nivea-men-invisible-dry-150ml.jpg"
"1458";"Hygiène Corporelle";"Déodorant Bille Nivea Men Invisible Dry 50ml";"deodorant-bille-nivea-men-invisible-dry-50ml.jpg"
"1459";"Hygiène Corporelle";"Déodorant Spray Nivea Men Cool Kick 150ml";"deodorant-spray-nivea-men-cool-kick-150ml.jpg"
"1460";"Hygiène Corporelle";"Déodorant Bille Nivea Men Cool Kick 50ml";"deodorant-bille-nivea-men-cool-kick-50ml.jpg"
"1461";"Hygiène Corporelle";"Déodorant Spray Nivea Pearl & Beauty 150ml";"deodorant-spray-nivea-pearl-beauty-150ml.jpg"
"1462";"Hygiène Corporelle";"Déodorant Bille Nivea Pearl & Beauty 50ml";"deodorant-bille-nivea-pearl-beauty-50ml.jpg"
"1463";"Hygiène Corporelle";"Déodorant Spray Nivea Natural Coconut 150ml";"deodorant-spray-nivea-natural-coconut-150ml.jpg"
"1464";"Hygiène Corporelle";"Déodorant Bille Nivea Natural Coconut 50ml";"deodorant-bille-nivea-natural-coconut-50ml.jpg"
"1465";"Hygiène Corporelle";"Déodorant Spray Nivea Fresh Active 150ml";"deodorant-spray-nivea-fresh-active-150ml.jpg"
"1466";"Hygiène Corporelle";"Déodorant Bille Nivea Fresh Active 50ml";"deodorant-bille-nivea-fresh-active-50ml.jpg"
"1467";"Hygiène Corporelle";"Déodorant Spray Nivea Whitening 150ml";"deodorant-spray-nivea-whitening-150ml.jpg"
"1468";"Hygiène Corporelle";"Déodorant Bille Nivea Whitening 50ml";"deodorant-bille-nivea-whitening-50ml.jpg"
"1469";"Hygiène Corporelle";"Déodorant Spray Nivea NIVEA Men Dry Impact 150ml";"deodorant-spray-nivea-nivea-men-dry-impact-150ml.jpg"
"1470";"Hygiène Corporelle";"Déodorant Bille Nivea NIVEA Men Dry Impact 50ml";"deodorant-bille-nivea-nivea-men-dry-impact-50ml.jpg"
"1471";"Hygiène Corporelle";"Déodorant Spray Rexona Classic 150ml";"deodorant-spray-rexona-classic-150ml.jpg"
"1472";"Hygiène Corporelle";"Déodorant Bille Rexona Classic 50ml";"deodorant-bille-rexona-classic-50ml.jpg"
"1473";"Hygiène Corporelle";"Déodorant Spray Rexona Cobalt 150ml";"deodorant-spray-rexona-cobalt-150ml.jpg"
"1474";"Hygiène Corporelle";"Déodorant Bille Rexona Cobalt 50ml";"deodorant-bille-rexona-cobalt-50ml.jpg"
"1475";"Hygiène Corporelle";"Déodorant Spray Rexona Men Aqua 150ml";"deodorant-spray-rexona-men-aqua-150ml.jpg"
"1476";"Hygiène Corporelle";"Déodorant Bille Rexona Men Aqua 50ml";"deodorant-bille-rexona-men-aqua-50ml.jpg"
"1477";"Hygiène Corporelle";"Déodorant Spray Rexona Women Dry 150ml";"deodorant-spray-rexona-women-dry-150ml.jpg"
"1478";"Hygiène Corporelle";"Déodorant Bille Rexona Women Dry 50ml";"deodorant-bille-rexona-women-dry-50ml.jpg"
"1479";"Hygiène Corporelle";"Déodorant Spray Rexona Aloe Vera 150ml";"deodorant-spray-rexona-aloe-vera-150ml.jpg"
"1480";"Hygiène Corporelle";"Déodorant Bille Rexona Aloe Vera 50ml";"deodorant-bille-rexona-aloe-vera-50ml.jpg"
"1481";"Hygiène Corporelle";"Déodorant Spray Axe Africa 150ml";"deodorant-spray-axe-africa-150ml.jpg"
"1482";"Hygiène Corporelle";"Déodorant Bille Axe Africa 50ml";"deodorant-bille-axe-africa-50ml.jpg"
"1483";"Hygiène Corporelle";"Déodorant Spray Axe Anarchy 150ml";"deodorant-spray-axe-anarchy-150ml.jpg"
"1484";"Hygiène Corporelle";"Déodorant Bille Axe Anarchy 50ml";"deodorant-bille-axe-anarchy-50ml.jpg"
"1485";"Hygiène Corporelle";"Déodorant Spray Axe Temptation 150ml";"deodorant-spray-axe-temptation-150ml.jpg"
"1486";"Hygiène Corporelle";"Déodorant Bille Axe Temptation 50ml";"deodorant-bille-axe-temptation-50ml.jpg"
"1487";"Hygiène Corporelle";"Déodorant Spray Axe Marine 150ml";"deodorant-spray-axe-marine-150ml.jpg"
"1488";"Hygiène Corporelle";"Déodorant Bille Axe Marine 50ml";"deodorant-bille-axe-marine-50ml.jpg"
"1489";"Hygiène Corporelle";"Déodorant Spray Axe Clique 150ml";"deodorant-spray-axe-clique-150ml.jpg"
"1490";"Hygiène Corporelle";"Déodorant Bille Axe Clique 50ml";"deodorant-bille-axe-clique-50ml.jpg"
"1491";"Hygiène Corporelle";"Déodorant Spray Axe Sport Blast 150ml";"deodorant-spray-axe-sport-blast-150ml.jpg"
"1492";"Hygiène Corporelle";"Déodorant Bille Axe Sport Blast 50ml";"deodorant-bille-axe-sport-blast-50ml.jpg"
"1493";"Hygiène Corporelle";"Déodorant Spray Fa Aqua 150ml";"deodorant-spray-fa-aqua-150ml.jpg"
"1494";"Hygiène Corporelle";"Déodorant Bille Fa Aqua 50ml";"deodorant-bille-fa-aqua-50ml.jpg"
"1495";"Hygiène Corporelle";"Déodorant Spray Fa Fresh 150ml";"deodorant-spray-fa-fresh-150ml.jpg"
"1496";"Hygiène Corporelle";"Déodorant Bille Fa Fresh 50ml";"deodorant-bille-fa-fresh-50ml.jpg"
"1497";"Hygiène Corporelle";"Déodorant Spray Fa Ocean 150ml";"deodorant-spray-fa-ocean-150ml.jpg"
"1498";"Hygiène Corporelle";"Déodorant Bille Fa Ocean 50ml";"deodorant-bille-fa-ocean-50ml.jpg"
"1499";"Hygiène Corporelle";"Déodorant Spray Fa Mousse 150ml";"deodorant-spray-fa-mousse-150ml.jpg"
"1500";"Hygiène Corporelle";"Déodorant Bille Fa Mousse 50ml";"deodorant-bille-fa-mousse-50ml.jpg"
"1501";"Hygiène Corporelle";"Serviettes Hygiéniques Always Normal Paquet x10";"serviettes-hygieniques-always-normal-paquet-x10.jpg"
"1502";"Hygiène Corporelle";"Serviettes Hygiéniques Always Normal Paquet x14";"serviettes-hygieniques-always-normal-paquet-x14.jpg"
"1503";"Hygiène Corporelle";"Serviettes Hygiéniques Nana Normal Paquet x10";"serviettes-hygieniques-nana-normal-paquet-x10.jpg"
"1504";"Hygiène Corporelle";"Serviettes Hygiéniques Libresse Normal Paquet x10";"serviettes-hygieniques-libresse-normal-paquet-x10.jpg"
"1505";"Hygiène Corporelle";"Serviettes Hygiéniques Always Extra Long Paquet x10";"serviettes-hygieniques-always-extra-long-paquet-x10.jpg"
"1506";"Hygiène Corporelle";"Serviettes Hygiéniques Always Extra Long Paquet x14";"serviettes-hygieniques-always-extra-long-paquet-x14.jpg"
"1507";"Hygiène Corporelle";"Serviettes Hygiéniques Nana Extra Long Paquet x10";"serviettes-hygieniques-nana-extra-long-paquet-x10.jpg"
"1508";"Hygiène Corporelle";"Serviettes Hygiéniques Libresse Extra Long Paquet x10";"serviettes-hygieniques-libresse-extra-long-paquet-x10.jpg"
"1509";"Hygiène Corporelle";"Serviettes Hygiéniques Always Nuit Paquet x10";"serviettes-hygieniques-always-nuit-paquet-x10.jpg"
"1510";"Hygiène Corporelle";"Serviettes Hygiéniques Always Nuit Paquet x14";"serviettes-hygieniques-always-nuit-paquet-x14.jpg"
"1511";"Hygiène Corporelle";"Serviettes Hygiéniques Nana Nuit Paquet x10";"serviettes-hygieniques-nana-nuit-paquet-x10.jpg"
"1512";"Hygiène Corporelle";"Serviettes Hygiéniques Libresse Nuit Paquet x10";"serviettes-hygieniques-libresse-nuit-paquet-x10.jpg"
"1513";"Hygiène Corporelle";"Serviettes Hygiéniques Always Ultra Paquet x10";"serviettes-hygieniques-always-ultra-paquet-x10.jpg"
"1514";"Hygiène Corporelle";"Serviettes Hygiéniques Always Ultra Paquet x14";"serviettes-hygieniques-always-ultra-paquet-x14.jpg"
"1515";"Hygiène Corporelle";"Serviettes Hygiéniques Nana Ultra Paquet x10";"serviettes-hygieniques-nana-ultra-paquet-x10.jpg"
"1516";"Hygiène Corporelle";"Serviettes Hygiéniques Libresse Ultra Paquet x10";"serviettes-hygieniques-libresse-ultra-paquet-x10.jpg"
"1517";"Hygiène Corporelle";"Serviettes Hygiéniques Always Slim Paquet x10";"serviettes-hygieniques-always-slim-paquet-x10.jpg"
"1518";"Hygiène Corporelle";"Serviettes Hygiéniques Always Slim Paquet x14";"serviettes-hygieniques-always-slim-paquet-x14.jpg"
"1519";"Hygiène Corporelle";"Serviettes Hygiéniques Nana Slim Paquet x10";"serviettes-hygieniques-nana-slim-paquet-x10.jpg"
"1520";"Hygiène Corporelle";"Serviettes Hygiéniques Libresse Slim Paquet x10";"serviettes-hygieniques-libresse-slim-paquet-x10.jpg"
"1521";"Hygiène Corporelle";"Serviettes Hygiéniques Always Ailes Normales Paquet x10";"serviettes-hygieniques-always-ailes-normales-paquet-x10.jpg"
"1522";"Hygiène Corporelle";"Serviettes Hygiéniques Always Ailes Normales Paquet x14";"serviettes-hygieniques-always-ailes-normales-paquet-x14.jpg"
"1523";"Hygiène Corporelle";"Serviettes Hygiéniques Nana Ailes Normales Paquet x10";"serviettes-hygieniques-nana-ailes-normales-paquet-x10.jpg"
"1524";"Hygiène Corporelle";"Serviettes Hygiéniques Libresse Ailes Normales Paquet x10";"serviettes-hygieniques-libresse-ailes-normales-paquet-x10.jpg"
"1525";"Hygiène Corporelle";"Serviettes Hygiéniques Always Ailes Longues Paquet x10";"serviettes-hygieniques-always-ailes-longues-paquet-x10.jpg"
"1526";"Hygiène Corporelle";"Serviettes Hygiéniques Always Ailes Longues Paquet x14";"serviettes-hygieniques-always-ailes-longues-paquet-x14.jpg"
"1527";"Hygiène Corporelle";"Serviettes Hygiéniques Nana Ailes Longues Paquet x10";"serviettes-hygieniques-nana-ailes-longues-paquet-x10.jpg"
"1528";"Hygiène Corporelle";"Serviettes Hygiéniques Libresse Ailes Longues Paquet x10";"serviettes-hygieniques-libresse-ailes-longues-paquet-x10.jpg"
"1529";"Hygiène Corporelle";"Protections Journalistes Nana Paquet x30";"protections-journalistes-nana-paquet-x30.jpg"
"1530";"Hygiène Corporelle";"Protections Journalistes Always Dailies Paquet x30";"protections-journalistes-always-dailies-paquet-x30.jpg"
"1531";"Hygiène Corporelle";"Tampons Natracare x16";"tampons-natracare-x16.jpg"
"1532";"Hygiène Corporelle";"Coupe Menstruelle Taille S";"coupe-menstruelle-taille-s.jpg"
"1533";"Hygiène Corporelle";"Coupe Menstruelle Taille M";"coupe-menstruelle-taille-m.jpg"
"1534";"Hygiène Corporelle";"Rasoir Jetable Gillette Blue II Jetables x5";"rasoir-jetable-gillette-blue-ii-jetables-x5.jpg"
"1535";"Hygiène Corporelle";"Rasoir Jetable Gillette Blue II Plus Jetables x5";"rasoir-jetable-gillette-blue-ii-plus-jetables-x5.jpg"
"1536";"Hygiène Corporelle";"Rasoir Jetable Gillette Mach3 Jetables x2";"rasoir-jetable-gillette-mach3-jetables-x2.jpg"
"1537";"Hygiène Corporelle";"Rasoir Jetable Gillette Venus Breeze Jetables x2";"rasoir-jetable-gillette-venus-breeze-jetables-x2.jpg"
"1538";"Hygiène Corporelle";"Rasoir Jetable Gillette Venus Smooth Jetables x3";"rasoir-jetable-gillette-venus-smooth-jetables-x3.jpg"
"1539";"Hygiène Corporelle";"Rasoir Jetable Gillette Fusion5 Jetables x2";"rasoir-jetable-gillette-fusion5-jetables-x2.jpg"
"1540";"Hygiène Corporelle";"Rasoir Jetable Bic Jambes Jetables x5";"rasoir-jetable-bic-jambes-jetables-x5.jpg"
"1541";"Hygiène Corporelle";"Recharges Gillette Mach3 x4";"recharges-gillette-mach3-x4.jpg"
"1542";"Hygiène Corporelle";"Recharges Gillette Fusion5 x4";"recharges-gillette-fusion5-x4.jpg"
"1543";"Hygiène Corporelle";"Recharges Gillette Venus x4";"recharges-gillette-venus-x4.jpg"
"1544";"Hygiène Corporelle";"Mousse à Raser Gillette Classic 200ml";"mousse-a-raser-gillette-classic-200ml.jpg"
"1545";"Hygiène Corporelle";"Gel de Rasage Gillette Sensitive 200ml";"gel-de-rasage-gillette-sensitive-200ml.jpg"
"1546";"Hygiène Corporelle";"Crème Epilatoire Nair Corps 200ml";"creme-epilatoire-nair-corps-200ml.jpg"
"1547";"Hygiène Corporelle";"Bandes de Cire Froide x20 (Jambes)";"bandes-de-cire-froide-x20-jambes.jpg"
"1548";"Hygiène Corporelle";"Cire Orientale 400g (Pot)";"cire-orientale-400g-pot.jpg"
"1549";"Hygiène Corporelle";"Cotons Démaquillants x100";"cotons-demaquillants-x100.jpg"
"1550";"Hygiène Corporelle";"Cotons Démaquillants x200";"cotons-demaquillants-x200.jpg"
"1551";"Hygiène Corporelle";"Cotons Ronds x80";"cotons-ronds-x80.jpg"
"1552";"Hygiène Corporelle";"Gel Toilette Intime Femme 250ml";"gel-toilette-intime-femme-250ml.jpg"
"1553";"Hygiène Corporelle";"Lingettes Intimes x20";"lingettes-intimes-x20.jpg"
"1554";"Entretien & Maison";"Lessive Liquide OMO Original 1.5L (30 lavages)";"lessive-liquide-omo-original-1-5l-30-lavages.jpg"
"1555";"Entretien & Maison";"Lessive Liquide OMO Original 3L (60 lavages)";"lessive-liquide-omo-original-3l-60-lavages.jpg"
"1556";"Entretien & Maison";"Lessive Liquide OMO Original 4.5L (90 lavages)";"lessive-liquide-omo-original-4-5l-90-lavages.jpg"
"1557";"Entretien & Maison";"Lessive Liquide OMO Sensitive Peaux Sensibles 1.5L (30 lavages)";"lessive-liquide-omo-sensitive-peaux-sensibles-1-5l-30-lavages.jpg"
"1558";"Entretien & Maison";"Lessive Liquide OMO Sensitive Peaux Sensibles 3L (60 lavages)";"lessive-liquide-omo-sensitive-peaux-sensibles-3l-60-lavages.jpg"
"1559";"Entretien & Maison";"Lessive Liquide OMO Sensitive Peaux Sensibles 4.5L (90 lavages)";"lessive-liquide-omo-sensitive-peaux-sensibles-4-5l-90-lavages.jpg"
"1560";"Entretien & Maison";"Lessive Liquide OMO Fraîcheur Océan 1.5L (30 lavages)";"lessive-liquide-omo-fraicheur-ocean-1-5l-30-lavages.jpg"
"1561";"Entretien & Maison";"Lessive Liquide OMO Fraîcheur Océan 3L (60 lavages)";"lessive-liquide-omo-fraicheur-ocean-3l-60-lavages.jpg"
"1562";"Entretien & Maison";"Lessive Liquide OMO Fraîcheur Océan 4.5L (90 lavages)";"lessive-liquide-omo-fraicheur-ocean-4-5l-90-lavages.jpg"
"1563";"Entretien & Maison";"Lessive Liquide OMO Lavande 1.5L (30 lavages)";"lessive-liquide-omo-lavande-1-5l-30-lavages.jpg"
"1564";"Entretien & Maison";"Lessive Liquide OMO Lavande 3L (60 lavages)";"lessive-liquide-omo-lavande-3l-60-lavages.jpg"
"1565";"Entretien & Maison";"Lessive Liquide OMO Lavande 4.5L (90 lavages)";"lessive-liquide-omo-lavande-4-5l-90-lavages.jpg"
"1566";"Entretien & Maison";"Lessive Liquide OMO Jasmin 1.5L (30 lavages)";"lessive-liquide-omo-jasmin-1-5l-30-lavages.jpg"
"1567";"Entretien & Maison";"Lessive Liquide OMO Jasmin 3L (60 lavages)";"lessive-liquide-omo-jasmin-3l-60-lavages.jpg"
"1568";"Entretien & Maison";"Lessive Liquide OMO Jasmin 4.5L (90 lavages)";"lessive-liquide-omo-jasmin-4-5l-90-lavages.jpg"
"1569";"Entretien & Maison";"Lessive Liquide OMO Color (Protéger Couleurs) 1.5L (30 lavages)";"lessive-liquide-omo-color-proteger-couleurs-1-5l-30-lavages.jpg"
"1570";"Entretien & Maison";"Lessive Liquide OMO Color (Protéger Couleurs) 3L (60 lavages)";"lessive-liquide-omo-color-proteger-couleurs-3l-60-lavages.jpg"
"1571";"Entretien & Maison";"Lessive Liquide OMO Color (Protéger Couleurs) 4.5L (90 lavages)";"lessive-liquide-omo-color-proteger-couleurs-4-5l-90-lavages.jpg"
"1572";"Entretien & Maison";"Lessive Liquide OMO Noir (Noirs & foncés) 1.5L (30 lavages)";"lessive-liquide-omo-noir-noirs-fonces-1-5l-30-lavages.jpg"
"1573";"Entretien & Maison";"Lessive Liquide OMO Noir (Noirs & foncés) 3L (60 lavages)";"lessive-liquide-omo-noir-noirs-fonces-3l-60-lavages.jpg"
"1574";"Entretien & Maison";"Lessive Liquide OMO Noir (Noirs & foncés) 4.5L (90 lavages)";"lessive-liquide-omo-noir-noirs-fonces-4-5l-90-lavages.jpg"
"1575";"Entretien & Maison";"Lessive Liquide OMO 2 en 1 Adoucissant 1.5L (30 lavages)";"lessive-liquide-omo-2-en-1-adoucissant-1-5l-30-lavages.jpg"
"1576";"Entretien & Maison";"Lessive Liquide OMO 2 en 1 Adoucissant 3L (60 lavages)";"lessive-liquide-omo-2-en-1-adoucissant-3l-60-lavages.jpg"
"1577";"Entretien & Maison";"Lessive Liquide OMO 2 en 1 Adoucissant 4.5L (90 lavages)";"lessive-liquide-omo-2-en-1-adoucissant-4-5l-90-lavages.jpg"
"1578";"Entretien & Maison";"Lessive Liquide OMO Pro-Expert 1.5L (30 lavages)";"lessive-liquide-omo-pro-expert-1-5l-30-lavages.jpg"
"1579";"Entretien & Maison";"Lessive Liquide OMO Pro-Expert 3L (60 lavages)";"lessive-liquide-omo-pro-expert-3l-60-lavages.jpg"
"1580";"Entretien & Maison";"Lessive Liquide OMO Pro-Expert 4.5L (90 lavages)";"lessive-liquide-omo-pro-expert-4-5l-90-lavages.jpg"
"1581";"Entretien & Maison";"Lessive Liquide Tide Classic 1.5L";"lessive-liquide-tide-classic-1-5l.jpg"
"1582";"Entretien & Maison";"Lessive Liquide Tide Classic 3L";"lessive-liquide-tide-classic-3l.jpg"
"1583";"Entretien & Maison";"Lessive Liquide Tide Fresh Scent 1.5L";"lessive-liquide-tide-fresh-scent-1-5l.jpg"
"1584";"Entretien & Maison";"Lessive Liquide Tide Fresh Scent 3L";"lessive-liquide-tide-fresh-scent-3l.jpg"
"1585";"Entretien & Maison";"Lessive Liquide Tide Lily of the Valley 1.5L";"lessive-liquide-tide-lily-of-the-valley-1-5l.jpg"
"1586";"Entretien & Maison";"Lessive Liquide Tide Lily of the Valley 3L";"lessive-liquide-tide-lily-of-the-valley-3l.jpg"
"1587";"Entretien & Maison";"Lessive Liquide Tide Ultra White 1.5L";"lessive-liquide-tide-ultra-white-1-5l.jpg"
"1588";"Entretien & Maison";"Lessive Liquide Tide Ultra White 3L";"lessive-liquide-tide-ultra-white-3l.jpg"
"1589";"Entretien & Maison";"Lessive Liquide Ariel Original 1.5L";"lessive-liquide-ariel-original-1-5l.jpg"
"1590";"Entretien & Maison";"Lessive Liquide Ariel Original 3L";"lessive-liquide-ariel-original-3l.jpg"
"1591";"Entretien & Maison";"Lessive Liquide Ariel Peaux Sensibles 1.5L";"lessive-liquide-ariel-peaux-sensibles-1-5l.jpg"
"1592";"Entretien & Maison";"Lessive Liquide Ariel Peaux Sensibles 3L";"lessive-liquide-ariel-peaux-sensibles-3l.jpg"
"1593";"Entretien & Maison";"Lessive Liquide Ariel Blancheur +++ 1.5L";"lessive-liquide-ariel-blancheur-1-5l.jpg"
"1594";"Entretien & Maison";"Lessive Liquide Ariel Blancheur +++ 3L";"lessive-liquide-ariel-blancheur-3l.jpg"
"1595";"Entretien & Maison";"Lessive Liquide Ariel Couleurs 1.5L";"lessive-liquide-ariel-couleurs-1-5l.jpg"
"1596";"Entretien & Maison";"Lessive Liquide Ariel Couleurs 3L";"lessive-liquide-ariel-couleurs-3l.jpg"
"1597";"Entretien & Maison";"Lessive en Poudre Ariel Classique 2kg";"lessive-en-poudre-ariel-classique-2kg.jpg"
"1598";"Entretien & Maison";"Lessive en Poudre Ariel Classique 5kg";"lessive-en-poudre-ariel-classique-5kg.jpg"
"1599";"Entretien & Maison";"Lessive en Poudre OMO Classique 2kg";"lessive-en-poudre-omo-classique-2kg.jpg"
"1600";"Entretien & Maison";"Lessive en Poudre OMO Classique 5kg";"lessive-en-poudre-omo-classique-5kg.jpg"
"1601";"Entretien & Maison";"Lessive en Poudre Max Classique 2kg";"lessive-en-poudre-max-classique-2kg.jpg"
"1602";"Entretien & Maison";"Lessive en Poudre Max Classique 5kg";"lessive-en-poudre-max-classique-5kg.jpg"
"1603";"Entretien & Maison";"Lessive en Poudre Dat Classique 2kg";"lessive-en-poudre-dat-classique-2kg.jpg"
"1604";"Entretien & Maison";"Lessive en Poudre Dat Classique 5kg";"lessive-en-poudre-dat-classique-5kg.jpg"
"1605";"Entretien & Maison";"Lessive Capsules Ariel All in 1 x25 pods";"lessive-capsules-ariel-all-in-1-x25-pods.jpg"
"1606";"Entretien & Maison";"Lessive Capsules Ariel All in 1 x50 pods";"lessive-capsules-ariel-all-in-1-x50-pods.jpg"
"1607";"Entretien & Maison";"Lessive Capsules OMO Ultimate x25 pods";"lessive-capsules-omo-ultimate-x25-pods.jpg"
"1608";"Entretien & Maison";"Lessive Capsules Tide PODS x25";"lessive-capsules-tide-pods-x25.jpg"
"1609";"Entretien & Maison";"Adoucissant Soupline Bleu Classique 750ml";"adoucissant-soupline-bleu-classique-750ml.jpg"
"1610";"Entretien & Maison";"Adoucissant Soupline Bleu Classique 1.5L";"adoucissant-soupline-bleu-classique-1-5l.jpg"
"1611";"Entretien & Maison";"Adoucissant Soupline Bleu Classique 2.5L";"adoucissant-soupline-bleu-classique-2-5l.jpg"
"1612";"Entretien & Maison";"Adoucissant Soupline Rose 750ml";"adoucissant-soupline-rose-750ml.jpg"
"1613";"Entretien & Maison";"Adoucissant Soupline Rose 1.5L";"adoucissant-soupline-rose-1-5l.jpg"
"1614";"Entretien & Maison";"Adoucissant Soupline Rose 2.5L";"adoucissant-soupline-rose-2-5l.jpg"
"1615";"Entretien & Maison";"Adoucissant Soupline Vanille 750ml";"adoucissant-soupline-vanille-750ml.jpg"
"1616";"Entretien & Maison";"Adoucissant Soupline Vanille 1.5L";"adoucissant-soupline-vanille-1-5l.jpg"
"1617";"Entretien & Maison";"Adoucissant Soupline Vanille 2.5L";"adoucissant-soupline-vanille-2-5l.jpg"
"1618";"Entretien & Maison";"Adoucissant Soupline Lavande 750ml";"adoucissant-soupline-lavande-750ml.jpg"
"1619";"Entretien & Maison";"Adoucissant Soupline Lavande 1.5L";"adoucissant-soupline-lavande-1-5l.jpg"
"1620";"Entretien & Maison";"Adoucissant Soupline Lavande 2.5L";"adoucissant-soupline-lavande-2-5l.jpg"
"1621";"Entretien & Maison";"Adoucissant Soupline Fleurs Blanches 750ml";"adoucissant-soupline-fleurs-blanches-750ml.jpg"
"1622";"Entretien & Maison";"Adoucissant Soupline Fleurs Blanches 1.5L";"adoucissant-soupline-fleurs-blanches-1-5l.jpg"
"1623";"Entretien & Maison";"Adoucissant Soupline Fleurs Blanches 2.5L";"adoucissant-soupline-fleurs-blanches-2-5l.jpg"
"1624";"Entretien & Maison";"Adoucissant Soupline Océan 750ml";"adoucissant-soupline-ocean-750ml.jpg"
"1625";"Entretien & Maison";"Adoucissant Soupline Océan 1.5L";"adoucissant-soupline-ocean-1-5l.jpg"
"1626";"Entretien & Maison";"Adoucissant Soupline Océan 2.5L";"adoucissant-soupline-ocean-2-5l.jpg"
"1627";"Entretien & Maison";"Adoucissant Soupline Coton 750ml";"adoucissant-soupline-coton-750ml.jpg"
"1628";"Entretien & Maison";"Adoucissant Soupline Coton 1.5L";"adoucissant-soupline-coton-1-5l.jpg"
"1629";"Entretien & Maison";"Adoucissant Soupline Coton 2.5L";"adoucissant-soupline-coton-2-5l.jpg"
"1630";"Entretien & Maison";"Détachant en Poudre Vanish Oxi Action 500g";"detachant-en-poudre-vanish-oxi-action-500g.jpg"
"1631";"Entretien & Maison";"Détachant en Poudre Vanish Oxi Action 1kg";"detachant-en-poudre-vanish-oxi-action-1kg.jpg"
"1632";"Entretien & Maison";"Détachant Spray Vanish Blanc 500ml";"detachant-spray-vanish-blanc-500ml.jpg"
"1633";"Entretien & Maison";"Détachant Spray Vanish Couleurs 500ml";"detachant-spray-vanish-couleurs-500ml.jpg"
"1634";"Entretien & Maison";"Détachant Stick Dr Beckmann 100ml";"detachant-stick-dr-beckmann-100ml.jpg"
"1635";"Entretien & Maison";"Liquide Vaisselle Express Citron 1L";"liquide-vaisselle-express-citron-1l.jpg"
"1636";"Entretien & Maison";"Liquide Vaisselle Express Citron 2L";"liquide-vaisselle-express-citron-2l.jpg"
"1637";"Entretien & Maison";"Liquide Vaisselle Express Citron 5L";"liquide-vaisselle-express-citron-5l.jpg"
"1638";"Entretien & Maison";"Liquide Vaisselle Dix Citron 1L";"liquide-vaisselle-dix-citron-1l.jpg"
"1639";"Entretien & Maison";"Liquide Vaisselle Dix Citron 2L";"liquide-vaisselle-dix-citron-2l.jpg"
"1640";"Entretien & Maison";"Liquide Vaisselle Jar Citron 500ml";"liquide-vaisselle-jar-citron-500ml.jpg"
"1641";"Entretien & Maison";"Liquide Vaisselle Jar Citron 1L";"liquide-vaisselle-jar-citron-1l.jpg"
"1642";"Entretien & Maison";"Liquide Vaisselle Fairy Citron 500ml";"liquide-vaisselle-fairy-citron-500ml.jpg"
"1643";"Entretien & Maison";"Liquide Vaisselle Fairy Citron 1L";"liquide-vaisselle-fairy-citron-1l.jpg"
"1644";"Entretien & Maison";"Liquide Vaisselle Sonnu Citron 750ml";"liquide-vaisselle-sonnu-citron-750ml.jpg"
"1645";"Entretien & Maison";"Liquide Vaisselle Express Pamplemousse 1L";"liquide-vaisselle-express-pamplemousse-1l.jpg"
"1646";"Entretien & Maison";"Liquide Vaisselle Express Pamplemousse 2L";"liquide-vaisselle-express-pamplemousse-2l.jpg"
"1647";"Entretien & Maison";"Liquide Vaisselle Express Pamplemousse 5L";"liquide-vaisselle-express-pamplemousse-5l.jpg"
"1648";"Entretien & Maison";"Liquide Vaisselle Dix Pamplemousse 1L";"liquide-vaisselle-dix-pamplemousse-1l.jpg"
"1649";"Entretien & Maison";"Liquide Vaisselle Dix Pamplemousse 2L";"liquide-vaisselle-dix-pamplemousse-2l.jpg"
"1650";"Entretien & Maison";"Liquide Vaisselle Jar Pamplemousse 500ml";"liquide-vaisselle-jar-pamplemousse-500ml.jpg"
"1651";"Entretien & Maison";"Liquide Vaisselle Jar Pamplemousse 1L";"liquide-vaisselle-jar-pamplemousse-1l.jpg"
"1652";"Entretien & Maison";"Liquide Vaisselle Fairy Pamplemousse 500ml";"liquide-vaisselle-fairy-pamplemousse-500ml.jpg"
"1653";"Entretien & Maison";"Liquide Vaisselle Fairy Pamplemousse 1L";"liquide-vaisselle-fairy-pamplemousse-1l.jpg"
"1654";"Entretien & Maison";"Liquide Vaisselle Sonnu Pamplemousse 750ml";"liquide-vaisselle-sonnu-pamplemousse-750ml.jpg"
"1655";"Entretien & Maison";"Liquide Vaisselle Express Menthe 1L";"liquide-vaisselle-express-menthe-1l.jpg"
"1656";"Entretien & Maison";"Liquide Vaisselle Express Menthe 2L";"liquide-vaisselle-express-menthe-2l.jpg"
"1657";"Entretien & Maison";"Liquide Vaisselle Express Menthe 5L";"liquide-vaisselle-express-menthe-5l.jpg"
"1658";"Entretien & Maison";"Liquide Vaisselle Dix Menthe 1L";"liquide-vaisselle-dix-menthe-1l.jpg"
"1659";"Entretien & Maison";"Liquide Vaisselle Dix Menthe 2L";"liquide-vaisselle-dix-menthe-2l.jpg"
"1660";"Entretien & Maison";"Liquide Vaisselle Jar Menthe 500ml";"liquide-vaisselle-jar-menthe-500ml.jpg"
"1661";"Entretien & Maison";"Liquide Vaisselle Jar Menthe 1L";"liquide-vaisselle-jar-menthe-1l.jpg"
"1662";"Entretien & Maison";"Liquide Vaisselle Fairy Menthe 500ml";"liquide-vaisselle-fairy-menthe-500ml.jpg"
"1663";"Entretien & Maison";"Liquide Vaisselle Fairy Menthe 1L";"liquide-vaisselle-fairy-menthe-1l.jpg"
"1664";"Entretien & Maison";"Liquide Vaisselle Sonnu Menthe 750ml";"liquide-vaisselle-sonnu-menthe-750ml.jpg"
"1665";"Entretien & Maison";"Liquide Vaisselle Express Original 1L";"liquide-vaisselle-express-original-1l.jpg"
"1666";"Entretien & Maison";"Liquide Vaisselle Express Original 2L";"liquide-vaisselle-express-original-2l.jpg"
"1667";"Entretien & Maison";"Liquide Vaisselle Express Original 5L";"liquide-vaisselle-express-original-5l.jpg"
"1668";"Entretien & Maison";"Liquide Vaisselle Dix Original 1L";"liquide-vaisselle-dix-original-1l.jpg"
"1669";"Entretien & Maison";"Liquide Vaisselle Dix Original 2L";"liquide-vaisselle-dix-original-2l.jpg"
"1670";"Entretien & Maison";"Liquide Vaisselle Jar Original 500ml";"liquide-vaisselle-jar-original-500ml.jpg"
"1671";"Entretien & Maison";"Liquide Vaisselle Jar Original 1L";"liquide-vaisselle-jar-original-1l.jpg"
"1672";"Entretien & Maison";"Liquide Vaisselle Fairy Original 500ml";"liquide-vaisselle-fairy-original-500ml.jpg"
"1673";"Entretien & Maison";"Liquide Vaisselle Fairy Original 1L";"liquide-vaisselle-fairy-original-1l.jpg"
"1674";"Entretien & Maison";"Liquide Vaisselle Sonnu Original 750ml";"liquide-vaisselle-sonnu-original-750ml.jpg"
"1675";"Entretien & Maison";"Liquide Vaisselle Express Jasmin 1L";"liquide-vaisselle-express-jasmin-1l.jpg"
"1676";"Entretien & Maison";"Liquide Vaisselle Express Jasmin 2L";"liquide-vaisselle-express-jasmin-2l.jpg"
"1677";"Entretien & Maison";"Liquide Vaisselle Express Jasmin 5L";"liquide-vaisselle-express-jasmin-5l.jpg"
"1678";"Entretien & Maison";"Liquide Vaisselle Dix Jasmin 1L";"liquide-vaisselle-dix-jasmin-1l.jpg"
"1679";"Entretien & Maison";"Liquide Vaisselle Dix Jasmin 2L";"liquide-vaisselle-dix-jasmin-2l.jpg"
"1680";"Entretien & Maison";"Liquide Vaisselle Jar Jasmin 500ml";"liquide-vaisselle-jar-jasmin-500ml.jpg"
"1681";"Entretien & Maison";"Liquide Vaisselle Jar Jasmin 1L";"liquide-vaisselle-jar-jasmin-1l.jpg"
"1682";"Entretien & Maison";"Liquide Vaisselle Fairy Jasmin 500ml";"liquide-vaisselle-fairy-jasmin-500ml.jpg"
"1683";"Entretien & Maison";"Liquide Vaisselle Fairy Jasmin 1L";"liquide-vaisselle-fairy-jasmin-1l.jpg"
"1684";"Entretien & Maison";"Liquide Vaisselle Sonnu Jasmin 750ml";"liquide-vaisselle-sonnu-jasmin-750ml.jpg"
"1685";"Entretien & Maison";"Liquide Vaisselle Express Agrumes 1L";"liquide-vaisselle-express-agrumes-1l.jpg"
"1686";"Entretien & Maison";"Liquide Vaisselle Express Agrumes 2L";"liquide-vaisselle-express-agrumes-2l.jpg"
"1687";"Entretien & Maison";"Liquide Vaisselle Express Agrumes 5L";"liquide-vaisselle-express-agrumes-5l.jpg"
"1688";"Entretien & Maison";"Liquide Vaisselle Dix Agrumes 1L";"liquide-vaisselle-dix-agrumes-1l.jpg"
"1689";"Entretien & Maison";"Liquide Vaisselle Dix Agrumes 2L";"liquide-vaisselle-dix-agrumes-2l.jpg"
"1690";"Entretien & Maison";"Liquide Vaisselle Jar Agrumes 500ml";"liquide-vaisselle-jar-agrumes-500ml.jpg"
"1691";"Entretien & Maison";"Liquide Vaisselle Jar Agrumes 1L";"liquide-vaisselle-jar-agrumes-1l.jpg"
"1692";"Entretien & Maison";"Liquide Vaisselle Fairy Agrumes 500ml";"liquide-vaisselle-fairy-agrumes-500ml.jpg"
"1693";"Entretien & Maison";"Liquide Vaisselle Fairy Agrumes 1L";"liquide-vaisselle-fairy-agrumes-1l.jpg"
"1694";"Entretien & Maison";"Liquide Vaisselle Sonnu Agrumes 750ml";"liquide-vaisselle-sonnu-agrumes-750ml.jpg"
"1695";"Entretien & Maison";"Capsules Lave-Vaisselle Finish All in 1 x30";"capsules-lave-vaisselle-finish-all-in-1-x30.jpg"
"1696";"Entretien & Maison";"Capsules Lave-Vaisselle Finish All in 1 x60";"capsules-lave-vaisselle-finish-all-in-1-x60.jpg"
"1697";"Entretien & Maison";"Poudre Lave-Vaisselle Finish 2kg";"poudre-lave-vaisselle-finish-2kg.jpg"
"1698";"Entretien & Maison";"Pastilles Lave-Vaisselle Calgonit x30";"pastilles-lave-vaisselle-calgonit-x30.jpg"
"1699";"Entretien & Maison";"Sel Lave-Vaisselle 2kg";"sel-lave-vaisselle-2kg.jpg"
"1700";"Entretien & Maison";"Liquide Rinçage Lave-Vaisselle Finish 800ml";"liquide-rincage-lave-vaisselle-finish-800ml.jpg"
"1701";"Entretien & Maison";"Anti-Calcaire Lave-Vaisselle";"anti-calcaire-lave-vaisselle.jpg"
"1702";"Entretien & Maison";"Javel Sanizor Classique 1L";"javel-sanizor-classique-1l.jpg"
"1703";"Entretien & Maison";"Javel Sanizor Classique 2L";"javel-sanizor-classique-2l.jpg"
"1704";"Entretien & Maison";"Javel Sanizor Classique 5L";"javel-sanizor-classique-5l.jpg"
"1705";"Entretien & Maison";"Javel Kriz Classique 1L";"javel-kriz-classique-1l.jpg"
"1706";"Entretien & Maison";"Javel Kriz Classique 2L";"javel-kriz-classique-2l.jpg"
"1707";"Entretien & Maison";"Javel Ace Classique 1L";"javel-ace-classique-1l.jpg"
"1708";"Entretien & Maison";"Javel Ace Classique 2L";"javel-ace-classique-2l.jpg"
"1709";"Entretien & Maison";"Javel Sanytol Désinfectant Multi-Surface 1L";"javel-sanytol-desinfectant-multi-surface-1l.jpg"
"1710";"Entretien & Maison";"Nettoyant Sols Ecover Pin 1L";"nettoyant-sols-ecover-pin-1l.jpg"
"1711";"Entretien & Maison";"Nettoyant Sols Classique Pin 1L";"nettoyant-sols-classique-pin-1l.jpg"
"1712";"Entretien & Maison";"Nettoyant Sols Ultra Détergent Pin 2L";"nettoyant-sols-ultra-detergent-pin-2l.jpg"
"1713";"Entretien & Maison";"Nettoyant Sols Ecover Lavande 1L";"nettoyant-sols-ecover-lavande-1l.jpg"
"1714";"Entretien & Maison";"Nettoyant Sols Classique Lavande 1L";"nettoyant-sols-classique-lavande-1l.jpg"
"1715";"Entretien & Maison";"Nettoyant Sols Ultra Détergent Lavande 2L";"nettoyant-sols-ultra-detergent-lavande-2l.jpg"
"1716";"Entretien & Maison";"Nettoyant Sols Ecover Citron 1L";"nettoyant-sols-ecover-citron-1l.jpg"
"1717";"Entretien & Maison";"Nettoyant Sols Classique Citron 1L";"nettoyant-sols-classique-citron-1l.jpg"
"1718";"Entretien & Maison";"Nettoyant Sols Ultra Détergent Citron 2L";"nettoyant-sols-ultra-detergent-citron-2l.jpg"
"1719";"Entretien & Maison";"Nettoyant Sols Ecover Fleurs Fraîches 1L";"nettoyant-sols-ecover-fleurs-fraiches-1l.jpg"
"1720";"Entretien & Maison";"Nettoyant Sols Classique Fleurs Fraîches 1L";"nettoyant-sols-classique-fleurs-fraiches-1l.jpg"
"1721";"Entretien & Maison";"Nettoyant Sols Ultra Détergent Fleurs Fraîches 2L";"nettoyant-sols-ultra-detergent-fleurs-fraiches-2l.jpg"
"1722";"Entretien & Maison";"Nettoyant Sols Ecover Agrumes 1L";"nettoyant-sols-ecover-agrumes-1l.jpg"
"1723";"Entretien & Maison";"Nettoyant Sols Classique Agrumes 1L";"nettoyant-sols-classique-agrumes-1l.jpg"
"1724";"Entretien & Maison";"Nettoyant Sols Ultra Détergent Agrumes 2L";"nettoyant-sols-ultra-detergent-agrumes-2l.jpg"
"1725";"Entretien & Maison";"Nettoyant Multi-Usage Ajax Citron 1L";"nettoyant-multi-usage-ajax-citron-1l.jpg"
"1726";"Entretien & Maison";"Nettoyant Multi-Usage Ajax Fleurs Blanches 1L";"nettoyant-multi-usage-ajax-fleurs-blanches-1l.jpg"
"1727";"Entretien & Maison";"Nettoyant Multi-Usage Ajax 2L";"nettoyant-multi-usage-ajax-2l.jpg"
"1728";"Entretien & Maison";"Nettoyant Multi-Surface St Marc 1L";"nettoyant-multi-surface-st-marc-1l.jpg"
"1729";"Entretien & Maison";"Dégraissant Cif Original Crème 500ml";"degraissant-cif-original-creme-500ml.jpg"
"1730";"Entretien & Maison";"Dégraissant Cif Original Spray 750ml";"degraissant-cif-original-spray-750ml.jpg"
"1731";"Entretien & Maison";"Nettoyant Vitres & Écrans Cif Spray 500ml";"nettoyant-vitres-ecrans-cif-spray-500ml.jpg"
"1732";"Entretien & Maison";"Nettoyant Vitres Windex 500ml";"nettoyant-vitres-windex-500ml.jpg"
"1733";"Entretien & Maison";"Nettoyant Vitres et Fenêtres 1L";"nettoyant-vitres-et-fenetres-1l.jpg"
"1734";"Entretien & Maison";"Crème à Récurer (Pierre d'argile) 500g";"creme-a-recurer-pierre-d-argile-500g.jpg"
"1735";"Entretien & Maison";"Bicarbonate Alimentaire & Nettoyage 1kg";"bicarbonate-alimentaire-nettoyage-1kg.jpg"
"1736";"Entretien & Maison";"Vinaigre Blanc Ménager 1L";"vinaigre-blanc-menager-1l.jpg"
"1737";"Entretien & Maison";"Vinaigre Blanc Ménager 2L";"vinaigre-blanc-menager-2l.jpg"
"1738";"Entretien & Maison";"Savon Noir Ménager 1L";"savon-noir-menager-1l.jpg"
"1739";"Entretien & Maison";"Terre de Sommières 500g";"terre-de-sommieres-500g.jpg"
"1740";"Entretien & Maison";"Gel WC Nettoyant Domestos Classique 750ml";"gel-wc-nettoyant-domestos-classique-750ml.jpg"
"1741";"Entretien & Maison";"Gel WC Nettoyant Domestos Bleu 750ml";"gel-wc-nettoyant-domestos-bleu-750ml.jpg"
"1742";"Entretien & Maison";"Gel WC Cillit Bang Désinfectant 750ml";"gel-wc-cillit-bang-desinfectant-750ml.jpg"
"1743";"Entretien & Maison";"Bloc WC Culligan x1 (pendentif)";"bloc-wc-culligan-x1-pendentif.jpg"
"1744";"Entretien & Maison";"Brosse WC + Support";"brosse-wc-support.jpg"
"1745";"Entretien & Maison";"Nettoyant pour Lait & Calcaire Cillit Bang 750ml";"nettoyant-pour-lait-calcaire-cillit-bang-750ml.jpg"
"1746";"Entretien & Maison";"Détartrant Machine à Laver 250ml";"detartrant-machine-a-laver-250ml.jpg"
"1747";"Entretien & Maison";"Détartrant Bouilloire et Cafetière 250ml";"detartrant-bouilloire-et-cafetiere-250ml.jpg"
"1748";"Entretien & Maison";"Papier Toilette Papicolor (Pack de 4 rouleaux)";"papier-toilette-papicolor-pack-de-4-rouleaux.jpg"
"1749";"Entretien & Maison";"Papier Toilette Papicolor (Pack de 6 rouleaux)";"papier-toilette-papicolor-pack-de-6-rouleaux.jpg"
"1750";"Entretien & Maison";"Papier Toilette Papicolor (Pack de 12 rouleaux)";"papier-toilette-papicolor-pack-de-12-rouleaux.jpg"
"1751";"Entretien & Maison";"Papier Toilette Papicolor (Pack de 24 rouleaux)";"papier-toilette-papicolor-pack-de-24-rouleaux.jpg"
"1752";"Entretien & Maison";"Papier Toilette Floral (Pack de 4 rouleaux)";"papier-toilette-floral-pack-de-4-rouleaux.jpg"
"1753";"Entretien & Maison";"Papier Toilette Floral (Pack de 6 rouleaux)";"papier-toilette-floral-pack-de-6-rouleaux.jpg"
"1754";"Entretien & Maison";"Papier Toilette Floral (Pack de 12 rouleaux)";"papier-toilette-floral-pack-de-12-rouleaux.jpg"
"1755";"Entretien & Maison";"Papier Toilette Floral (Pack de 24 rouleaux)";"papier-toilette-floral-pack-de-24-rouleaux.jpg"
"1756";"Entretien & Maison";"Papier Toilette Sofia (Pack de 4 rouleaux)";"papier-toilette-sofia-pack-de-4-rouleaux.jpg"
"1757";"Entretien & Maison";"Papier Toilette Sofia (Pack de 6 rouleaux)";"papier-toilette-sofia-pack-de-6-rouleaux.jpg"
"1758";"Entretien & Maison";"Papier Toilette Sofia (Pack de 12 rouleaux)";"papier-toilette-sofia-pack-de-12-rouleaux.jpg"
"1759";"Entretien & Maison";"Papier Toilette Sofia (Pack de 24 rouleaux)";"papier-toilette-sofia-pack-de-24-rouleaux.jpg"
"1760";"Entretien & Maison";"Papier Toilette OK (Pack de 4 rouleaux)";"papier-toilette-ok-pack-de-4-rouleaux.jpg"
"1761";"Entretien & Maison";"Papier Toilette OK (Pack de 6 rouleaux)";"papier-toilette-ok-pack-de-6-rouleaux.jpg"
"1762";"Entretien & Maison";"Papier Toilette OK (Pack de 12 rouleaux)";"papier-toilette-ok-pack-de-12-rouleaux.jpg"
"1763";"Entretien & Maison";"Papier Toilette OK (Pack de 24 rouleaux)";"papier-toilette-ok-pack-de-24-rouleaux.jpg"
"1764";"Entretien & Maison";"Papier Toilette Lotus (Pack de 4 rouleaux)";"papier-toilette-lotus-pack-de-4-rouleaux.jpg"
"1765";"Entretien & Maison";"Papier Toilette Lotus (Pack de 6 rouleaux)";"papier-toilette-lotus-pack-de-6-rouleaux.jpg"
"1766";"Entretien & Maison";"Papier Toilette Lotus (Pack de 12 rouleaux)";"papier-toilette-lotus-pack-de-12-rouleaux.jpg"
"1767";"Entretien & Maison";"Papier Toilette Lotus (Pack de 24 rouleaux)";"papier-toilette-lotus-pack-de-24-rouleaux.jpg"
"1768";"Entretien & Maison";"Papier Toilette Kleenex (Pack de 4 rouleaux)";"papier-toilette-kleenex-pack-de-4-rouleaux.jpg"
"1769";"Entretien & Maison";"Papier Toilette Kleenex (Pack de 6 rouleaux)";"papier-toilette-kleenex-pack-de-6-rouleaux.jpg"
"1770";"Entretien & Maison";"Papier Toilette Kleenex (Pack de 12 rouleaux)";"papier-toilette-kleenex-pack-de-12-rouleaux.jpg"
"1771";"Entretien & Maison";"Papier Toilette Kleenex (Pack de 24 rouleaux)";"papier-toilette-kleenex-pack-de-24-rouleaux.jpg"
"1772";"Entretien & Maison";"Essuie-tout Papicolor (Pack de 2)";"essuie-tout-papicolor-pack-de-2.jpg"
"1773";"Entretien & Maison";"Essuie-tout Papicolor (Pack de 4)";"essuie-tout-papicolor-pack-de-4.jpg"
"1774";"Entretien & Maison";"Essuie-tout Papicolor (Pack de 6)";"essuie-tout-papicolor-pack-de-6.jpg"
"1775";"Entretien & Maison";"Essuie-tout OK (Pack de 2)";"essuie-tout-ok-pack-de-2.jpg"
"1776";"Entretien & Maison";"Essuie-tout OK (Pack de 4)";"essuie-tout-ok-pack-de-4.jpg"
"1777";"Entretien & Maison";"Essuie-tout OK (Pack de 6)";"essuie-tout-ok-pack-de-6.jpg"
"1778";"Entretien & Maison";"Essuie-tout Lotus (Pack de 2)";"essuie-tout-lotus-pack-de-2.jpg"
"1779";"Entretien & Maison";"Essuie-tout Lotus (Pack de 4)";"essuie-tout-lotus-pack-de-4.jpg"
"1780";"Entretien & Maison";"Essuie-tout Lotus (Pack de 6)";"essuie-tout-lotus-pack-de-6.jpg"
"1781";"Entretien & Maison";"Essuie-tout Maxi (Pack de 2)";"essuie-tout-maxi-pack-de-2.jpg"
"1782";"Entretien & Maison";"Essuie-tout Maxi (Pack de 4)";"essuie-tout-maxi-pack-de-4.jpg"
"1783";"Entretien & Maison";"Essuie-tout Maxi (Pack de 6)";"essuie-tout-maxi-pack-de-6.jpg"
"1784";"Entretien & Maison";"Essuie-tout Sofia (Pack de 2)";"essuie-tout-sofia-pack-de-2.jpg"
"1785";"Entretien & Maison";"Essuie-tout Sofia (Pack de 4)";"essuie-tout-sofia-pack-de-4.jpg"
"1786";"Entretien & Maison";"Essuie-tout Sofia (Pack de 6)";"essuie-tout-sofia-pack-de-6.jpg"
"1787";"Entretien & Maison";"Mouchoirs Kleenex Boîte x100";"mouchoirs-kleenex-boite-x100.jpg"
"1788";"Entretien & Maison";"Mouchoirs Kleenex Boîte x200";"mouchoirs-kleenex-boite-x200.jpg"
"1789";"Entretien & Maison";"Mouchoirs Pochette x10";"mouchoirs-pochette-x10.jpg"
"1790";"Entretien & Maison";"Sacs Poubelle 30L (Rouleau x20)";"sacs-poubelle-30l-rouleau-x20.jpg"
"1791";"Entretien & Maison";"Sacs Poubelle 30L Extra Résistant (x20)";"sacs-poubelle-30l-extra-resistant-x20.jpg"
"1792";"Entretien & Maison";"Sacs Poubelle 30L Tri Sélectif (x30)";"sacs-poubelle-30l-tri-selectif-x30.jpg"
"1793";"Entretien & Maison";"Sacs Poubelle 50L (Rouleau x20)";"sacs-poubelle-50l-rouleau-x20.jpg"
"1794";"Entretien & Maison";"Sacs Poubelle 50L Extra Résistant (x20)";"sacs-poubelle-50l-extra-resistant-x20.jpg"
"1795";"Entretien & Maison";"Sacs Poubelle 50L Tri Sélectif (x30)";"sacs-poubelle-50l-tri-selectif-x30.jpg"
"1796";"Entretien & Maison";"Sacs Poubelle 100L (Rouleau x20)";"sacs-poubelle-100l-rouleau-x20.jpg"
"1797";"Entretien & Maison";"Sacs Poubelle 100L Extra Résistant (x20)";"sacs-poubelle-100l-extra-resistant-x20.jpg"
"1798";"Entretien & Maison";"Sacs Poubelle 100L Tri Sélectif (x30)";"sacs-poubelle-100l-tri-selectif-x30.jpg"
"1799";"Entretien & Maison";"Sacs Poubelle 120L (Rouleau x20)";"sacs-poubelle-120l-rouleau-x20.jpg"
"1800";"Entretien & Maison";"Sacs Poubelle 120L Extra Résistant (x20)";"sacs-poubelle-120l-extra-resistant-x20.jpg"
"1801";"Entretien & Maison";"Sacs Poubelle 120L Tri Sélectif (x30)";"sacs-poubelle-120l-tri-selectif-x30.jpg"
"1802";"Entretien & Maison";"Sacs à Ordures Punaisés x100 (Petits)";"sacs-a-ordures-punaises-x100-petits.jpg"
"1803";"Entretien & Maison";"Éponges Grattantes (Pack de 2)";"eponges-grattantes-pack-de-2.jpg"
"1804";"Entretien & Maison";"Éponges Grattantes (Pack de 5)";"eponges-grattantes-pack-de-5.jpg"
"1805";"Entretien & Maison";"Éponges Grattantes (Pack de 10)";"eponges-grattantes-pack-de-10.jpg"
"1806";"Entretien & Maison";"Éponge Spéciale Anti-Rayure x3";"eponge-speciale-anti-rayure-x3.jpg"
"1807";"Entretien & Maison";"Chiffons Microfibres x5 (Sols/Vitres)";"chiffons-microfibres-x5-sols-vitres.jpg"
"1808";"Entretien & Maison";"Chiffons Microfibres x10";"chiffons-microfibres-x10.jpg"
"1809";"Entretien & Maison";"Lave-Vaisselle en Fibre x10";"lave-vaisselle-en-fibre-x10.jpg"
"1810";"Entretien & Maison";"Gants de Ménage Latex (Lot de 2)";"gants-de-menage-latex-lot-de-2.jpg"
"1811";"Entretien & Maison";"Gants de Ménage Latex (Lot de 6)";"gants-de-menage-latex-lot-de-6.jpg"
"1812";"Entretien & Maison";"Balai + Balayette (Kit)";"balai-balayette-kit.jpg"
"1813";"Entretien & Maison";"Balai Microfibre Plat";"balai-microfibre-plat.jpg"
"1814";"Entretien & Maison";"Serpillière 100% Coton (Lot de 2)";"serpilliere-100-coton-lot-de-2.jpg"
"1815";"Entretien & Maison";"Seau avec Essoreuse 10L";"seau-avec-essoreuse-10l.jpg"
"1816";"Entretien & Maison";"Pelle à Poussière + Brosse";"pelle-a-poussiere-brosse.jpg"
"1817";"Entretien & Maison";"Pince Linge (Lot de 24)";"pince-linge-lot-de-24.jpg"
"1818";"Entretien & Maison";"Étendoir à Linge Tubulaire";"etendoir-a-linge-tubulaire.jpg"
"1819";"Entretien & Maison";"Filet de Lavage Linge Délicat x3";"filet-de-lavage-linge-delicat-x3.jpg"
"1820";"Entretien & Maison";"Désodorisant Maison Glade Lavande 300ml";"desodorisant-maison-glade-lavande-300ml.jpg"
"1821";"Entretien & Maison";"Désodorisant Maison Glade Vanille 300ml";"desodorisant-maison-glade-vanille-300ml.jpg"
"1822";"Entretien & Maison";"Désodorisant Spray Air Wick Océan 300ml";"desodorisant-spray-air-wick-ocean-300ml.jpg"
"1823";"Entretien & Maison";"Diffuseur Parfums d'Ambiance Febreze";"diffuseur-parfums-d-ambiance-febreze.jpg"
"1824";"Entretien & Maison";"Bougie Parfumée Vanille 180g";"bougie-parfumee-vanille-180g.jpg"
"1825";"Entretien & Maison";"Bougie Parfumée Lavande 180g";"bougie-parfumee-lavande-180g.jpg"
"1826";"Entretien & Maison";"Bougie Parfumée Fleur de Coton 180g";"bougie-parfumee-fleur-de-coton-180g.jpg"
"1827";"Entretien & Maison";"Bougie Parfumée Ylang 180g";"bougie-parfumee-ylang-180g.jpg"
"1828";"Entretien & Maison";"Encens Bâtonnets (Paquet x50)";"encens-batonnets-paquet-x50.jpg"
"1829";"Entretien & Maison";"Bâtonnets Parfumés Diffuseur Rose 100ml";"batonnets-parfumes-diffuseur-rose-100ml.jpg"
"1830";"Entretien & Maison";"Raid Spray Anti-Moustiques 400ml";"raid-spray-anti-moustiques-400ml.jpg"
"1831";"Entretien & Maison";"Raid Diffuseur Électrique Anti-Moustiques";"raid-diffuseur-electrique-anti-moustiques.jpg"
"1832";"Entretien & Maison";"Spirales Anti-Moustiques (Boîte x30)";"spirales-anti-moustiques-boite-x30.jpg"
"1833";"Entretien & Maison";"Anti-Cafards Gel Injectable";"anti-cafards-gel-injectable.jpg"
"1834";"Entretien & Maison";"Anti-Fourmis Granulés 500g";"anti-fourmis-granules-500g.jpg"
"1835";"Entretien & Maison";"Naphthalène 500g";"naphthalene-500g.jpg"
"1836";"Entretien & Maison";"Pastilles Anti-Mites x40";"pastilles-anti-mites-x40.jpg"
"1837";"Entretien & Maison";"Poubelle Cuisine à Pédale 30L";"poubelle-cuisine-a-pedale-30l.jpg"
"1838";"Entretien & Maison";"Poubelle Tri Sélectif 3 Compartiments 40L";"poubelle-tri-selectif-3-compartiments-40l.jpg"
"1839";"Entretien & Maison";"Boîtes de Rangement (Lot de 5) 4L";"boites-de-rangement-lot-de-5-4l.jpg"
"1840";"Entretien & Maison";"Boîte de Rangement Hermétique 20L";"boite-de-rangement-hermetique-20l.jpg"
"1841";"Entretien & Maison";"Boîte de Rangement Hermétique 45L";"boite-de-rangement-hermetique-45l.jpg"
"1842";"Entretien & Maison";"Cling Film Rouleau 30m";"cling-film-rouleau-30m.jpg"
"1843";"Entretien & Maison";"Papier Aluminium Rouleau 10m";"papier-aluminium-rouleau-10m.jpg"
"1844";"Entretien & Maison";"Papier Cuisson / Parchemin Rouleau 10m";"papier-cuisson-parchemin-rouleau-10m.jpg"
"1845";"Entretien & Maison";"Sachets Congélation Zip (Lot x20)";"sachets-congelation-zip-lot-x20.jpg"
"1846";"Entretien & Maison";"Boîtes Repas Préparés Micro-Ondables x5";"boites-repas-prepares-micro-ondables-x5.jpg"
"1847";"Entretien & Maison";"Ampoule LED E27 10W (Pack de 3)";"ampoule-led-e27-10w-pack-de-3.jpg"
"1848";"Entretien & Maison";"Ampoule LED E27 15W (Pack de 3)";"ampoule-led-e27-15w-pack-de-3.jpg"
"1849";"Entretien & Maison";"Ampoule LED GU10 5W (Lot de 5)";"ampoule-led-gu10-5w-lot-de-5.jpg"
"1850";"Entretien & Maison";"Bougie électrique LED (Lot de 6)";"bougie-electrique-led-lot-de-6.jpg"
"1851";"Entretien & Maison";"Piles AA Duracell (Lot de 4)";"piles-aa-duracell-lot-de-4.jpg"
"1852";"Entretien & Maison";"Piles AAA Duracell (Lot de 4)";"piles-aaa-duracell-lot-de-4.jpg"
"1853";"Entretien & Maison";"Piles 9V x1";"piles-9v-x1.jpg"
"1854";"Entretien & Maison";"Chargeur USB Double Prise Secteur";"chargeur-usb-double-prise-secteur.jpg"
"1855";"Entretien & Maison";"Kit Couture Complet (Aiguilles, fils, épingles)";"kit-couture-complet-aiguilles-fils-epingles.jpg"
"1856";"Entretien & Maison";"Rouleau de Colle Néoprène";"rouleau-de-colle-neoprene.jpg"
"1857";"Entretien & Maison";"Scotch Transparent Grand Format";"scotch-transparent-grand-format.jpg"
"1858";"Entretien & Maison";"Scotch Double Face 5m";"scotch-double-face-5m.jpg"
"1859";"Entretien & Maison";"Ruban Adhésif Toilé 50mm";"ruban-adhesif-toile-50mm.jpg"
"1860";"Entretien & Maison";"Cutter + Lames x10";"cutter-lames-x10.jpg"
"1861";"Entretien & Maison";"Ciseaux Multi-usages Paire";"ciseaux-multi-usages-paire.jpg"
